93C386E54C75872553324B90482EE4BA	0 / min	0 / 분
1626AB36422A967B73B0A8BA8AB81D90	0 Sec	0초
6176B1314D96421051FE049302252B60	A Apple Seed To plant and grow Apples	사과를 심고 재배할 수 있는 사과 씨앗
AC571A774D906C8E72FCE597B949835E	A Banana Seed To plant and grow Bananas	바나나를 심고 재배할 수 있는 바나나 씨앗
E559998A468807F5E873A1B38BC317F7	A Carrot Seed To plant and grow Carrots	당근을 심고 재배할 수 있는 당근 씨앗
700F99A84931189104DD81BE09AED93E	A Corn Seed To plant and grow Corn	옥수수를 심고 재배하는 옥수수 씨앗
6CF7AD4A41F33DC3721F90A0A0FF369E	A Cotton Seed To plant and grow Cotton	목화를 심고 재배하는 목화씨
6B779D3B4715B3F98C36E69343BF399A	A Flower Seed To plant and grow Flowers	꽃을 심고 재배할 수 있는 꽃씨
89EB85A24F1DE3CE5F5AF19F1C68F634	A Mycelia Seed To plant and grow Mycelia	균사체를 심고 재배할 수 있는 균사체 씨앗
9910AF834369DF3F0E9A9DBC6BC73459	A Potato Seed To plant and grow Potatoes	감자를 심고 재배할 수 있는 감자 씨앗
014342964AAB00D5A3E78DB81D074048	A Pumpkin Seed To plant and grow Pumpkins	호박을 심고 재배할 수 있는 호박씨
B255351D4671FD115D2B59A6AC00E0DD	A Strawberry Seed To plant and grow Strawberries	딸기를 심고 재배하는 딸기 씨앗
1969EFB4495621CC1529448B02E522C4	A Tomato Seed To plant and grow Tomatoes	토마토를 심고 재배할 수 있는 토마토 씨앗
D28B8BEB4654DEB976D37788CB3A8716	A Wheat Seed To plant and grow Wheat	밀을 심고 재배할 수 있는 밀 씨앗
54963BE9447620CD89E47CBA08B340B5	A Yosse Seed To plant and grow Yosse Berries	요세 열매를 심고 재배하는 요세 씨앗
DD9FE5974BD1DDFE764ED9BD0560388B	A minion's favorite food	미니언이 좋아하는 음식
ADBBA3DC43636B886D1332BC74C5340A	A weird looking berry?	이상하게 생긴 베리?
28C927A444700DF907A6B7AA8EA7E270	An Aubergine Seed To plant and grow Aubergines	가지를 심고 재배할 수 있는 가지 씨앗
312F95704884B121A62CB1B4469926FD	Apple	사과
909DDE6243E214F3AC216FB5D6B3C7AB	Apple	사과
4B5AE77844D7A55A4A8B3C9B2C3AC4FA	Apple Pie	사과 파이
1714062B482E365F1123928FA2FD1F65	Apple Pie	사과 파이
8F0D5E7F42B93F2BDE3D759CFF010DDE	Apple Seed	사과 씨앗
7B466EB64AEB3AFA1C9D87B274ED191B	Apprentice Farmer - Buildings	견습 농부 - 건물
14D994E34D044C4E5A8B67A98D85316B	Apprentice Farmer - Buildings	견습 농부 - 건물
03DF32C74A7BF04804DF4BAC25771E95	Apprentice Farmer - Crops	견습 농부 - 농작물
40F8AE944B1108E2792AA7A6EF2A6E18	Aubergine Seed	오베르진 씨앗
6C9152FF4A7C1F3A841FA3B5FF6D060F	Banana	바나나
AD35D4464A197D87503AFBB17A0C48B5	Banana	바나나
EEA9A0DC4AE5E6E5FEE624BAA2242710	Banana Bread	바나나 빵
61EE083F4D607D59A5BE08BDBBB7FD34	Banana Bread	바나나 빵
9AA686B74A82F4D599677B9F3007DCA4	Banana Pie	바나나 파이
37BD779849D72BCA062895A7054F0F71	Banana Pie	바나나 파이
611EE29D4AA9EAF876E47B86A2D04ABF	Banana Seed	바나나 씨앗
DB98E32746CF86D92797BE9C57B09E53	Basic Farmer - Buildings	기본 농부 - 건물
1360EBF34BE397CFC6AEC5893381A2AB	Basic Farmer - Buildings	기본 농부 - 건물
003E1BCE4CB05F1FCFD810B80DC6E80A	Basic Farmer - Crops	기본 농부 - 농작물
D0343D794F728FD1CD687B991ACF43FA	Basic Farmer - Crops	기본 농부 - 농작물
910395954019104779767D9A8879E6DC	Berry Pie	베리 파이
8A1D6BED4C1F86F3C845BDAD8233E10E	Berry Pie	베리 파이
B749E89A41B2C1FC90ED06B2092AA391	Berry funny pun goes here	베리 재미있는 말장난이 여기로 갑니다
80DEEBCA4B1195829C3573836C1F59FF	Biomass (Capsule)	바이오매스(캡슐)
C4E436B146E715B23F93D48583D5DFAB	Biomass (Fertilizer)	바이오매스(비료)
1A6696C94884890FCE78D88424A85B7C	Biopolymer Resin	바이오 폴리머 수지
E0B74D3648B6AF8C2075BE9A7080A9CE	Bread	빵
7480B25443495CFF4AD88086F7A40C07	Bread	빵
D9154DEA45481ABE52751896064E62DE	Carrot	당근
E26EB4AB44DD9AA8F3CE899C2AFB1D77	Carrot	당근
246A0784498BC0EBADDC59B8FA3D7E1D	Carrot Seed	당근 씨앗
42D9DA1645ED352E12B05A92BA08E3D0	Compost	퇴비
6B2CCE6B4263FB45581EBFB13ECE1578	Composter	퇴비통
66E50E2042969CA12E74C2A13A9F0B6D	Composter	퇴비통
B87F508D460C8AEA96B90E88B3A70608	Compute Module	계산 모듈
2DB63B76456FB5997C01CFA973E00DEE	Control Unit	제어 장치
30430B5245C4999564CE72AC32D88538	Control Unit	제어 장치
0152A7AB49B20052EFC604ADC04C9929	Control Unit	제어 장치
F0C8B8EF46BCA8D901F0CDB9780D1939	Control Unit	제어 장치
7512CB7E45C8095182A38CAE4D7E8E94	Cooked Food	조리된 음식
E0CED85446F8CDD9725BEE86D561E332	Cooking Hub	쿠킹 허브
D9FA3E794AC787FA8FB18DBAD7E7F8BD	CookingHub	쿠킹 허브
4B08225241DC87FC2991D190A6DB0D04	Corn	옥수수
FF2E3A81476517CC249B2EA9924E3C6D	Corn	옥수수
D2CA8763453CAD980A282FA65A7B4522	Corn Muffin	옥수수 머핀
25462BD54DC50A69B00960972603FCB9	Corn Muffin	옥수수 머핀
E589BB3A45BF0F71DAF5E391593F691F	Corn Seed	옥수수 종자
345150DB49B11446092A288744544DB8	Corn, can be eaten raw or used to make corn bread.	옥수수는 날것으로 먹거나 옥수수빵을 만드는데 사용될 수 있습니다.
20944611443C9D8F731D559D6B883F01	Cost	비용
A44ED2AD4210617C5902B5900EA5C496	Cotton	면
1986E81341EEC6E175CEEBB560376F4D	Cotton	면
F04BBE5B4230F508881FE096338D4577	Cotton Fabric	면 원단
9405FC934077DDCCC06A07B53DFDA141	Cotton Seed	면 씨앗
F4442F3B46A5BD81F3A1769FEB76CE09	Crop Stabiliser	작물 안정기
CFB4B42C46E0B1FD190F119F7A617FBF	Dodad Thingy	도다드 Thingy
51BB72A644469BDAC2D7C39518D1EB77	Doggo Cage (Empty)	도고 케이지(비어 있음)
1E6CF5F6459A2FC74D263DB1E644F356	Doggo Cage (Empty)	도고 케이지(비어 있음)
D4E5A5B54DA723B55F3C53992FA23754	Doggo Cage (Empty)	도고 케이지(비어 있음)
04FB245D4ED7DE76AD54658934AD1108	Doggo Cage (Full)	도고 케이지(꽉 참)
5D99D993443488CF0CF98A96177468C3	Doggo Cage (Full)	도고 케이지(꽉 참)
0462C4E44C0617240E55809D87C42F2B	Doggo Cage (Full)	도고 케이지(꽉 참)
15C3B1B44B8BC3A0F5D8AD83269F31C7	Doggo Cages	도고 케이지
381DEEBF42DA573BEF36219DC1F654D4	Doggo Chow	도고 음식
5143A7DE4D3CB26578CAEEAC8993113D	Doggo Chow	도고 음식
B2795CFF4FE4490B9404D39BFF6DE950	Doggo Chow	도고 음식
922A8D6A4DB99382AD44F4B964E4BFDE	Doggo House	도고 하우스
29C51AC2490A799BF7F7B1A7F9C8A776	Doggo House	도고 하우스
AF8E12FB41F493C6FCAF14BC62AF7D07	Doggo House	도고 하우스
1F5E61A34FCD2688A65940A511682B5A	Dropping this produces squash (not really)	이것을 떨어뜨리면 스쿼시가 생성됩니다(별로 그렇지 않습니다)
CA38E3CC4F1CC14F55C243896DBBC546	Dust Prevention	먼지 방지
3927E3D24C931C8FF810F3B98A73A8BC	Enriched Apple	농축된 사과
531999A3422E62BFAFFE569A969F2836	Enriched Banana	농축된 바나나
F183579845AFA47A32905B81947EB7F6	Enriched Carrots	농축된 당근
762EB5444009224145A249BE6846D5F6	Enriched Corn	농축된 옥수수
9C166F704B141CBD9B453FA7C0CEB8B3	Enriched Cotton	농축된 면
86EEF76F4350D536AF33BC8FDAA869E2	Enriched Crops	농축된 작물
C79C632546559B4687B0C2B2C8597758	Enriched Crops 1	농축된 작물 1
F2D7C99C4A163C1D125687BC389B28DC	Enriched Crops 1	농축된 작물 1
5DB3F3774585CBAED545DF91A69EDABD	Enriched Potato	농축된 감자
FBAB801249CA05227B64E7ACA7E50D33	Enriched Processed Flowers	농축 가공된 꽃
CF93AA654BE47FCF9E779495F363E2A7	Enriched Processed Flowers	농축 가공된 꽃
DD3AC4DC441750C436735CB1D22CC8D0	Enriched Pumpkin	농축된 호박
3E1FBC7249BDE922F17E25B2592A3AFF	Enriched Wheat	농축된 밀
2536FA054140FE7EC99377906AC11012	Enriched Yosse Berry	농축된 요세 베리
CBC9521C473B0F025F5C8A8047DA0D0E	Expert Farmer	전문 농업
BDDAD4B14DBBB67DF99AB9B764768DAF	Expert Farmer	전문 농업
D4236D284ADF0B38A9C99792E4FBEE73	Extraction Progress:	추출 진행률:
C43BB91C46F8E7B4D89E87AEBCBDB31A	FF Unlock for Patreons	Patreons를 위한 FF 잠금 해제
229A6B9D46DF262A96646DA8A6A812E1	Farmer's Inhaler	농부의 흡입기
1E2B65864C4C89DF7D7FEBBF65CC09A1	Farming Platform	농사 플랫폼
9F73841D46FF74B0261653862152A6D9	Farming Platform Mk1	농사 플랫폼 Mk1
F1D01624418065EC0A6C94B6B236A16F	Farming Platform Mk1	농사 플랫폼 Mk1
01C0D9794AD73FA5096B60BE8EFE3590	Farming Platform Mk1	농사 플랫폼 Mk1
5165954D42E3DA0280CEE9A67716A059	Farming Platform Mk1 can house 1x Farming Plot (All variants) With the restriction of no fluid inputs on this platform only the Crop Plot & Flower plot will work on this platform.	농사 플랫폼 Mk1은 농업 용지 1개(모든 변형)을 수용할 수 있습니다. 이 플랫폼에서는 유체 입력이 제한되므로 Crop Plot & Flower Plot만 이 플랫폼에서 작동합니다.
5E6735554A2491D9823FA5BCBEEA872F	Farming Platform Mk2	농사 플랫폼 Mk2
B8A989364A066711202F84A1F87E4B4E	Farming Platform Mk2	농사 플랫폼 Mk2
F51E68654DFB21B3B84C9EA5644FF80A	Farming Platform Mk2 can house 4x Farming Plots (All variants).	농사 플랫폼 Mk2는 농업 용지 4개(모든 변형)을 수용할 수 있습니다.
C5ECBBF341CD67E75226528F314F216E	Farming Platform Mk3	농사 플랫폼 Mk3
A6E625A7471A094B971AD4B972FD0524	Farming Platform Mk3	농사 플랫폼 Mk3
21732AA24BBE6BBBB9362487C6BA53A4	Farming Platform Mk3 can house 9x Farming Plots (All variants).	농사 플랫폼 Mk3는 농업 용지 9개(모든 변형)을 수용할 수 있습니다.
0923079441D3A2D284F5528BEB14B803	Farming Plot	농지
BC989F1F447574CF4D87639AD324A7CB	Farming: Modules	농업: 모듈
A3FBC46649B00137F6D9F48A0A43051C	Farming: Platforms	농업: 플랫폼
643CFD3547BD5DB5E5C19888916E89A7	Farming: Plots	농업: 농지
3BEAF2D84245E00E4514729A5A369ECD	Farming: Production Buildings	농업: 생산 건물
966FB3C74F848A22D636E0839F54D018	Fertilised Apple	비옥한 사과
9714A55A4AB2D7AF5051ADA080BE5ED1	Fertilised Dirt	비옥한 흙
3BB9317F4C77BDA46E78179A5C9C6B08	Fertilised Dirt	비옥한 흙
AFB391734DF390817F6A7C834DA25948	Fertilised Pumpkin	비옥한 호박
9AA62AD047854AA6351EBE8DEC7452B3	Fertiliser Buildings	비옥한 건물
54FD32B445D6D507E588F89A1A19575B	Fertiliser Buildings	비옥한 건물
79E6557B431FFCE73CAFEB8926FAB6EE	Fertilized Banana	비옥한 바나나
EDFD57B7488A99E55F886D851F2CE911	Fertilized Carrots	비옥한 당근
CF63676A442A8468D19403B489448000	Fertilized Corn	비옥한 옥수수
9F088F00478FBADCC4E1629ECD764997	Fertilized Cotton	비옥한 면
3944DD36449949286364E78E463242BB	Fertilized Crops 1	비옥한 작물 1
1401C656403C5C1B5152618BA5FA536F	Fertilized Crops 2	비옥한 작물 2
FA6226224D8E5648A80962A63AF06E56	Fertilized Potato	비옥한 감자
A7B9F19042CDB21B01A10BB20FC13D2B	Fertilized Pumpkin	비옥한 호박
CC3BF0F34E5AC3472C156AA048C0D536	Fertilized Wheat	비옥한 밀
ACFACE57475DE7450F61348252618E45	Fertilized Yosse Berry	비옥한 요세 베리
A6AE0A1A4C591F163525A8815D711F20	Fertilizer	비료
9CEBF0114607731F51CBA183E7A334CB	Fertilizer	비료
A2D09CE94C58696CE42A76A14EE3423A	Ficsit Farming	Ficsit 농업
5E912B4E414AAE953935A3970EF83150	Ficsit Farming Misc	Ficsit 농업 기타
6BE40B3E4BA7B6EB62DEA2B91C5CC119	FicsitFarming	Ficsit 농업
B477C9E9430C2D2A4FADC88D63DFE74A	Flower Plot	꽃 농지
729668C14DFF0616C6C640A84D7F8320	Flower Plot	꽃 농지
E78B6AA843C3029BEAA99099AF5AB203	Flower Seed	꽃씨
8372044B454A4ED11E2C35B91ED720D5	Fluid Discharge	유체 방출
36F772374636341DF29FF086B228F217	Generator	발전기
884BAFB3499483853C65F5B457E150E1	Greenhouse	온실
D176309C4771AF7B648209BAF7EE5924	Greenhouse Gas	온실가스
17F12EBD443D95AFCF65E4BF74A03DB2	Greenhouse Module	온실 모듈
101584984CBE6CE42638098438430D6B	Greenhouse Module	온실 모듈
E3452CE54D92E38D3906C68BE025EB59	Growth	성장
318E277546A1A7C2FCDC44A9F0463D9D	Harvester	수확기
BDFF49264A20E187F44B56AE065FFC97	Harvester Module	수확기 모듈
C9202CFD4C802F6BA596CD8185F6B71A	Harvester Module	수확기 모듈
7CFED72544E121B4C9051A88DC55EF4F	Head Chef	주방장
26010DBB4204559ACEAA238A9FE031DB	Head Chef	주방장
C39FE6B7412B00B4219C93A5151BF636	Hearty Bread!	푸짐한 빵!
4D482FEF4FA082DCDAA0FEA09196762F	INPUT	입력
C753262248D0654348905AAF8285376F	IO	IO
E90FDB224207F90CC0086CB4292C5B7A	Info	정보
A227EEE046377860BD7EC1904042721A	Insert dirt product to get turned into seeds. Ficsit R&D can not predict what seed will come out. and it seams seeds have a forum of rarity to the output.	씨가 되기 위해 흙 제품을 삽입하세요. Ficsit R&D는 어떤 씨앗이 나올지 예측할 수 없습니다. 그리고 seamsite는 그 결과에 대한 희귀한 포럼을 가지고 있습니다.
4A9033C6464A9AF97F6AA8B878AD085C	Irrigation	관개
B4FF9EB941E242AF58C8E6845E5C150B	Irrigation Module	관개 모듈
78355103452EC669025AF88AA579C6DC	Irrigation Module	관개 모듈
EC2D5CBB4FF30AC7D333EE97FBCDFA00	It has a yellow tint.	노란색입니다.
302B64534DE76306C0E760965C1F0DF0	It's a jar of dirt..\n\nCan extract to different seeds\n\n- Apple\n- Banana\n- Flower\n- Potato	흙이 담긴 병입니다..\n\n다양한 씨앗을 추출할 수 있습니다\n\n- 사과\n- 바나나\n- flower\n- 감자
79AB65A5400FA77912F0C2B2F1A7CE5F	It's a jar of dirt..\n\nCan extract to different seeds\n\n- Wheat\n- Carrot\n- Corn\n- Potato	흙이 담긴 병입니다..\n\n다양한 씨앗을 추출할 수 있습니다\n\n- 밀\n- 당근\n- 옥수수\n- 감자
CA967F064EC5F00FAA9C40A7F72775B8	It's a jar of dirt..\n\nCan extract to different seeds\n\n- Yosse\n- Pumpkin\n- Mycelia\n- Cotton	흙이 담긴 병입니다..\n\n다양한 씨앗을 추출할 수 있습니다\n\n- yosse\n- 호박\n- 균사\n- 면
DABC8E3244A2FD0BFA1332B6DF3BA323	It's corny.	진부해요.
ED5686A042DA9908F0D2958949A9A95F	Item Name	항목 이름
D236BEB144040798AB658D9026368448	Its just a Banana	그건 그냥 바나나야
36F8085B4C208DB9A9D31F81296D5BF4	Jar Of Dirt	흙이 담긴 병
7FE3F28447428D15C05CBEAC60A53608	Jar Of Fertilized Dirt	비옥한 흙이 담긴 병
6422484C4021B895DA190997AA588EE0	Jar Of Wet Dirt	젖은 흙이 담긴 병
85016D7B4431750272C1BD9F40D6EFE0	Juicy Apples	즙이 많은 사과
5243E2E24FCBB7DB3A441D9CFB634171	Leaf Inspection	잎 검사
B13F30334BD516023002ADA88FCF169E	Magic berry muffin	매직베리 머핀
F2AFE0FE4366375BF131AEBEEFC066D4	Master Farmer	마스터 파머
B5630D09475267A1CF6D6AB8AEE21712	Master Farmer	마스터 파머
CD4EFE104FA34912F333A3856ED4CA78	Milestone Reached. Alternate Watered Crop recipes unlocked. Carrots, Potatoes, Pumpkins and Wheat can now use water to speed up their growth rate.	마일스톤에 도달했습니다. 대체 물이 들어간 크롭 조리법의 잠금이 해제됩니다. 당근, 감자, 호박 그리고 밀은 이제 물을 사용하여 성장 속도를 높일 수 있습니다.
60CEE3264BEF1978FF302CA13F67711B	Milestone Reached. Alternate Watered Crop recipes unlocked. Carrots, Potatoes, Pumpkins and Wheat can now use water to speed up their growth rate.	마일스톤에 도달했습니다. 대체 물이 들어간 크롭 조리법의 잠금이 해제됩니다. 당근, 감자, 호박 그리고 밀은 이제 물을 사용하여 성장 속도를 높일 수 있습니다.
61DBA5D24CB38B671B2078A4E1C9A5B6	Milestone Reached. Cooking Hub unlocked. Pioneers can now cook, bake, boil, blend, fry any crop into foods. In addition, to keep the pioneer morale value high Yossie Berry Muffins have been unlocked. You can now also craft doggo chow. Doggo Chow is used to feed your doggos so they don’t die a painful and agonizing death.	milestone reached. 쿠킹 허브 unlocked. pioneers can now cook, bake, boil, blend, fry any crop into foods. in addition, to keep the pioneer morale value high yossie berry muffins have been unlocked. you can now also craft 도고 음식. 도고 음식 is 당신의 개에게 먹이를 주는 데 사용됩니다 so they don’t die a painful and agonizing death.
36D5F92A4237BAF90C81849AFFA26962	Milestone Reached. Cooking Hub unlocked. Pioneers can now cook, bake, boil, blend, fry any crop into foods. In addition, to keep the pioneer morale value high Yossie Berry Muffins have been unlocked. You can now also craft doggo chow. Doggo Chow is used to feed your doggos so they don’t die a painful and agonizing death.	milestone reached. 쿠킹 허브 unlocked. pioneers can now cook, bake, boil, blend, fry any crop into foods. in addition, to keep the pioneer morale value high yossie berry muffins have been unlocked. you can now also craft 도고 음식. 도고 음식 is 당신의 개에게 먹이를 주는 데 사용됩니다 so they don’t die a painful and agonizing death.
B97EDEEC4361FACA5C3CEA8B1BCA7918	Milestone Reached. Corn, Wheat and Potatoes have been unlocked. These can be farmed in the crop plot. In addition, Flower Petal seeds have been unlocked. These can be used to grow flower petals in the flower plot. Note, The pioneer has to manually farm these crops until later tech for automated harvesting is unlocked.	마일스톤에 도달했습니다. 옥수수, 밀, 감자의 잠금이 해제되었습니다. 이것들은 경작지에서 경작될 수 있습니다. 또한, 꽃잎 씨앗의 잠금이 해제되었습니다. 이것들은 꽃밭에서 꽃잎을 기르는 데 사용될 수 있습니다.
9653788C4FFBCDE5AD867DB0BE3A7D53	Milestone Reached. Corn, Wheat and Potatoes have been unlocked. These can be farmed in the crop plot. In addition, Flower Petal seeds have been unlocked. These can be used to grow flower petals in the flower plot. Note, The pioneer has to manually farm these crops until later tech for automated harvesting is unlocked.	마일스톤에 도달했습니다. 옥수수, 밀, 감자의 잠금이 해제되었습니다. 이것들은 경작지에서 경작될 수 있습니다. 또한, 꽃잎 씨앗의 잠금이 해제되었습니다. 이것들은 꽃밭에서 꽃잎을 기르는 데 사용될 수 있습니다.
71C301D74909B439403A10B250F572EE	Milestone Reached. Crops can now use fertilizer for the increased speed boost of Potatoes, Carrots, Pumpkins and wheat growth.	마일스톤에 도달했습니다. 농작물은 이제 감자, 당근, 호박 및 밀 성장의 증가된 속도 향상을 위해 비료를 사용할 수 있습니다.
E52A52C74EA7F496BF5B2985F4DF4156	Milestone Reached. Crops can now use fertilizer for the increased speed boost of Potatoes, Carrots, Pumpkins and wheat growth.	마일스톤에 도달했습니다. 농작물은 이제 감자, 당근, 호박 및 밀 성장의 증가된 속도 향상을 위해 비료를 사용할 수 있습니다.
99AC2BA049AD51BF4D6618B0EC145CDD	Milestone Reached. Farming Platform Mk1, Crop Plot and Flower Plot unlocked. With these new buildings you can use them for the production of any form of crop and flower.	마일스톤에 도달했습니다. 농사 플랫폼 Mk1, 작물 재배지 및 꽃 재배지 잠금 해제. 이 새로운 건물들로 당신은 그것들을 어떤 형태의 농작물과 꽃의 생산에 사용할 수 있습니다.
2B886CDB4262CC462FD1C981C266B5CB	Milestone Reached. Farming Platform Mk1, Crop Plot and Flower Plot unlocked. With these new buildings you can use them for the production of any form of crop and flower.	마일스톤에 도달했습니다. 농사 플랫폼 Mk1, 작물 재배지 및 꽃 재배지 잠금 해제. 이 새로운 건물들로 당신은 그것들을 어떤 형태의 농작물과 꽃의 생산에 사용할 수 있습니다.
8B83B8AF4F6E55C55FBDC89BD60BAF2A	Milestone Reached. Farming Plot Mk2, the seed extractor, Tree Plot and irrigation module have been unlocked. The Farming Plot mk2 is an upgrade to allow a liquid input to be used by the irrigation module for better crop efficiency. The Tree Plot can be used to farm trees. In addition the Seed extractor can be used to automate the production of seeds, with the added ability to output 2 seeds of the same crop that was inserted. Note. The seed extractor can also accept any input of a biomass product for the output of a randomized seed.	마일스톤에 도달했습니다. 농지 mk2, 씨앗 추출기, 나무 농지 및 관개 모듈의 잠금이 해제되었습니다. 농지 mk2는 작물의 효율성을 높이기 위해 관개 모듈에서 액체 입력을 사용할 수 있도록 하기 위한 업그레이드입니다. 트리 농지은 나무를 경작하는 데 사용할 수 있습니다. 또한 씨앗 추출기를 사용하여 씨앗 생산을 자동화할 수 있으며, 삽입된 동일한 작물의 씨앗 2개를 출력할 수 있습니다. 참고. 씨앗 추출기는 또한 무작위 씨앗의 출력을 위한 바이오매스 제품의 모든 입력을 수용할 수 있습니다.
7F666576419950165D1500BB7BA299B7	Milestone Reached. Farming Plot Mk2, the seed extractor, Tree Plot and irrigation module have been unlocked. The Farming Plot mk2 is an upgrade to allow a liquid input to be used by the irrigation module for better crop efficiency. The Tree Plot can be used to farm trees. In addition the Seed extractor can be used to automate the production of seeds, with the added ability to output 2 seeds of the same crop that was inserted. Note. The seed extractor can also accept any input of a biomass product for the output of a randomized seed.	마일스톤에 도달했습니다. 농지 mk2, 씨앗 추출기, 나무 농지 및 관개 모듈의 잠금이 해제되었습니다. 농지 mk2는 작물의 효율성을 높이기 위해 관개 모듈에서 액체 입력을 사용할 수 있도록 하기 위한 업그레이드입니다. 트리 농지은 나무를 경작하는 데 사용할 수 있습니다. 또한 씨앗 추출기를 사용하여 씨앗 생산을 자동화할 수 있으며, 삽입된 동일한 작물의 씨앗 2개를 출력할 수 있습니다. 참고. 씨앗 추출기는 또한 무작위 씨앗의 출력을 위한 바이오매스 제품의 모든 입력을 수용할 수 있습니다.
E4694A594E95616A7BC89E8532D9E0C4	Milestone Reached. Farming Plot mk3 has been unlocked. Pioneers now have a larger platform for their farms.	마일스톤에 도달했습니다. 농지 mk3의 잠금이 해제되었습니다. 개척자들은 이제 농장을 위한 더 큰 플랫폼을 갖게 되었습니다.
EA790C3842522E2958872A93930F9F13	Milestone Reached. Farming Plot mk3 has been unlocked. Pioneers now have a larger platform for their farms.	마일스톤에 도달했습니다. 농지 mk3의 잠금이 해제되었습니다. 개척자들은 이제 농장을 위한 더 큰 플랫폼을 갖게 되었습니다.
F7DCF14A462CEE7FEAACCEAD08D9424F	Milestone Reached. Greenhouse Module Unlocked.With this new building the pioneer can speed up the growth of crops for better efficiency.	마일스톤에 도달했습니다. 온실 모듈 잠금 해제됨.이 새로운 건물로 개척자는 더 나은 효율을 위해 농작물의 성장을 가속화할 수 있습니다.
AFAE8A95426C1304E7E91983538CF6EE	Milestone Reached. Greenhouse Module Unlocked.With this new building the pioneer can speed up the growth of crops for better efficiency.	마일스톤에 도달했습니다. 온실 모듈 잠금 해제됨.이 새로운 건물로 개척자는 더 나은 효율을 위해 농작물의 성장을 가속화할 수 있습니다.
091EE0874AD11A570A93DDAB6B59B84B	Milestone Reached. More Alternate Watered Crop recipes unlocked. Apple Trees, Banana Trees, Corn and Cotton, Mycelia and the Yossie Berry can now use water to speed up their growth rate.	마일스톤에 도달했습니다. 더 많은 대체 물 작물 조리법이 잠금 해제되었습니다. 사과나무, 바나나 나무, 옥수수와 면화, 미셀리아 그리고 요시 베리는 이제 물을 사용하여 성장 속도를 높일 수 있습니다.
5D0637C247A1318B021EA9B5E760BAF4	Milestone Reached. More Alternate Watered Crop recipes unlocked. Apple Trees, Banana Trees, Corn and Cotton, Mycelia and the Yossie Berry can now use water to speed up their growth rate.	마일스톤에 도달했습니다. 더 많은 대체 물 작물 조리법이 잠금 해제되었습니다. 사과나무, 바나나 나무, 옥수수와 면화, 미셀리아 그리고 요시 베리는 이제 물을 사용하여 성장 속도를 높일 수 있습니다.
66E2594145FDD3F7F36A9593B49B4E9F	Milestone Reached. More Cookable Foods unlocked. The pioneer can now craft more variants of the same food from different ingredients.	마일스톤에 도달했습니다. 더 많은 조리 가능한 음식이 잠금 해제되었습니다. 그 개척자는 이제 다른 재료로 같은 음식의 더 많은 변형을 만들 수 있습니다.
66236E4946C24E8137D20E8A91555583	Milestone Reached. More Cookable Foods unlocked. The pioneer can now craft more variants of the same food from different ingredients.	마일스톤에 도달했습니다. 더 많은 조리 가능한 음식이 잠금 해제되었습니다. 그 개척자는 이제 다른 재료로 같은 음식의 더 많은 변형을 만들 수 있습니다.
46F217934251BFFFEB47A9B17BDA2E89	Milestone Reached. More Crops can now use fertilizer for the increased speed boost of Apple Trees, Banana Trees, Corn and Cotton, Mycelia and the Yossie Berry growth	마일스톤에 도달했습니다. 더 많은 농작물이 이제 사과나무, 바나나나무, 옥수수와 면화, 미셀리아와 요시 베리 성장의 증가된 속도 향상을 위해 비료를 사용할 수 있습니다
2D7E9B5E43069173804A27AA8B7D7C14	Milestone Reached. More Crops can now use fertilizer for the increased speed boost of Apple Trees, Banana Trees, Corn and Cotton, Mycelia and the Yossie Berry growth	마일스톤에 도달했습니다. 더 많은 농작물이 이제 사과나무, 바나나나무, 옥수수와 면화, 미셀리아와 요시 베리 성장의 증가된 속도 향상을 위해 비료를 사용할 수 있습니다
95FC2E424D4A32B7A2E713BC8F7FE951	Milestone Reached. Mycelia Plot, Harvester and the composter have been unlocked. With these new buildings you can now automate the output of crops with the Harvester at the cost of power. In addition the Composter can be used to dump any pioneers remaining biomass similar products and crops for the output of fertilizer. Note: The Mycelia plot has also been unlocked for the automation of Mycelia Growth	마일스톤에 도달했습니다. 미셀리아 농지, 수확기, 작곡가의 잠금이 해제되었습니다. 이러한 새 건물을 통해 이제 전력 비용으로 수확기로 농작물의 생산량을 자동화할 수 있습니다. 또한 퇴비통는 비료의 생산을 위해 바이오매스 유사 제품 및 작물에 남아 있는 개척자를 덤프하는 데 사용될 수 있습니다. 참고: 균사 농지도 균사 성장 자동화를 위해 잠금 해제되었습니다
94D0B8D54F22663CE5F2F6B32DAE1B39	Milestone Reached. Mycelia Plot, Harvester and the composter have been unlocked. With these new buildings you can now automate the output of crops with the Harvester at the cost of power. In addition the Composter can be used to dump any pioneers remaining biomass similar products and crops for the output of fertilizer. Note: The Mycelia plot has also been unlocked for the automation of Mycelia Growth	마일스톤에 도달했습니다. 미셀리아 농지, 수확기, 작곡가의 잠금이 해제되었습니다. 이러한 새 건물을 통해 이제 전력 비용으로 수확기로 농작물의 생산량을 자동화할 수 있습니다. 또한 퇴비통는 비료의 생산을 위해 바이오매스 유사 제품 및 작물에 남아 있는 개척자를 덤프하는 데 사용될 수 있습니다. 참고: 균사 농지도 균사 성장 자동화를 위해 잠금 해제되었습니다
49E545D9440BC7200ADEF4ACEDE300B7	Milestone Reached. The Doggo House and the Doggo Cage have been unlocked. The Doggo House can be used for the automation of item collection from doggos. This is to avoid pioneer inefficiencies with doggo item collection. In addition the Doggo Cage has been unlocked and now craftable in the workbench. With this new item a pioneer can transport a doggo in their inventory or on conveyor belts for easy doggo travel all around the world.	마일스톤에 도달했습니다. 도고 하우스와 도고 케이지의 잠금이 해제되었습니다. 도고 하우스는 doggo에서 항목 수집 자동화를 위해 사용할 수 있습니다. 이것은 도고 아이템 수집을 통한 선구적인 비효율성을 방지하기 위한 것입니다. 또한 doggo 케이지의 잠금이 해제되어 작업대에서 조작할 수 있습니다. 이 새로운 아이템으로 개척자는 개고를 재고나 컨베이어 벨트로 운반하여 전 세계를 쉽게 여행할 수 있습니다.
2A779E65459298C2834662868C47B069	Milestone Reached. The Doggo House and the Doggo Cage have been unlocked. The Doggo House can be used for the automation of item collection from doggos. This is to avoid pioneer inefficiencies with doggo item collection. In addition the Doggo Cage has been unlocked and now craftable in the workbench. With this new item a pioneer can transport a doggo in their inventory or on conveyor belts for easy doggo travel all around the world.	마일스톤에 도달했습니다. 도고 하우스와 도고 케이지의 잠금이 해제되었습니다. 도고 하우스는 doggo에서 항목 수집 자동화를 위해 사용할 수 있습니다. 이것은 도고 아이템 수집을 통한 선구적인 비효율성을 방지하기 위한 것입니다. 또한 doggo 케이지의 잠금이 해제되어 작업대에서 조작할 수 있습니다. 이 새로운 아이템으로 개척자는 개고를 재고나 컨베이어 벨트로 운반하여 전 세계를 쉽게 여행할 수 있습니다.
684552E645272555DF2A7CB1F0B2CC57	Milestone reached.You can now harvest multiple crops which include the yosse berry, apple, banana, corn, and mycelia. Ficsit is not responsible for any disease or genetic mutation of these crops or the pioneer.	마일스톤에 도달했습니다.여러분은 이제 요세베리, 사과, 바나나, 옥수수, 그리고 균사체를 포함한 여러 작물을 수확할 수 있습니다. 픽싯은 이러한 작물이나 개척자의 질병이나 유전적 돌연변이에 대해 책임이 없습니다.
A1F5A9BA46C46C2685D733A7355F6FB0	Milestone reached.You can now harvest multiple crops which include the yosse berry, apple, banana, corn, and mycelia. Ficsit is not responsible for any disease or genetic mutation of these crops or the pioneer.	마일스톤에 도달했습니다.여러분은 이제 요세베리, 사과, 바나나, 옥수수, 그리고 균사체를 포함한 여러 작물을 수확할 수 있습니다. 픽싯은 이러한 작물이나 개척자의 질병이나 유전적 돌연변이에 대해 책임이 없습니다.
EA72C397428F5256CAE1D5B7453726D8	Mouldy Seed	곰팡이 종자
043D0F50472DC33C27CBBFA6518995B7	Multiplier	곱셈기
5AC66AC1416F36F3C66981836F1E0226	Mycelia	균사
A66977F34E820F46D40966B0E74810CE	Mycelia	균사
2F6E8DAE418A7FB0E1FB1F930CD9AEE4	Mycelia	균사
99AAA27E4EA792B2E3E24AAFF3291CD4	Mycelia Plot	균사 농지
7BED6B16447EC94A0C3FC190F7022679	Mycelia Plot	균사 농지
544950B242817C8D38BCD699C3F2B4E1	Mycelia Seed	균사 씨앗
8A8D2EA64A791EF1412DA6B1118E1C76	Natural Light	자연광
4C1C25AE416BB89631FAB097CE549673	No Plot	농지 없음
2AC6F3E14CD00CB1FF660A8D72C9F364	Noise Generator	노이즈 발생기
ABBA45E74BE9CB4174E08FA1A6400FB8	Nothing	없음
3385C3A7427AD5F608D373B9E98F7277	OUTPUT	출력
5D8FC7BC40B2DCAD06150FA527A73953	Offline	오프라인
E0E67DCE4F4BF2556DA0B0981F27D504	Online	온라인
9E80C09D4452355E12000DAABA93048F	Online	온라인
A200F132426A2BDB6CF4908338FAB208	PLOT 1	농지 1
A840A9C241331A318553819D9B8510AA	Particles	입자들.
5EB12E97464FBE9A9C678BA404F428C9	Pet the doggo	도고를 쓰다듬어 주세요
BB35E16740294E177AA76FAE582343AE	Plot {plotIndex}	농지 {plotIndex}
4FED3B414CDB061EB943C5A23BBCC9C5	Potato	감자
B89E606145A5EFF2A87144914785C569	Potato	감자
5B41E84945DD2D8C893B899C003D4C0A	Potato Eat it raw or can be cooked in a stew.	감자 그것을 날것으로 먹거나 스튜로 요리할 수 있습니다.
F1DB123246D221968BA63E8DAD55C3C9	Potato Seed	감자씨
83D460A44B71F76464E2FFAD0BA2F13D	Power	힘
8E7CC03745F4ACAAE670AB87CBD495B1	Probably the best type of pie	아마도 가장 좋은 종류의 파이일 것입니다
49D7AF9F49A518678ABCC096C2011F85	Processed Flowers	가공된 꽃
3633184C4F2A82CCD9C53C965108183B	Production	생산
0DADF3004514410D4FDB368DC61AC3F0	Production	생산
E4CCF1694168C1D9A04747AF2964A0EB	Pumpkin	호박
9B65F54646411E73A17BE1A6306CB4F1	Pumpkin	호박
AA3285D4437006DCD3145BBC796C1E3A	Pumpkin Pie	호박 파이
36A490B94E61A4E25215AAB5D287E572	Pumpkin Pie	호박 파이
2B47B3C547A708CFF254A5832583DDAE	Pumpkin Pie?	호박 파이?
7509762F4F1A5AEEA5C7E384D029B417	Pumpkin Seed	호박씨
ABE4D4D1444024FFE89139BA5DD7A273	Rancher	목장주
EF43F0F5409E983B1A1682AA18F8A26D	Rancher	목장주
14B0F02D430324F82AADE9A1E77DD5C1	Random Math	랜덤 수학
EF9FF5CC4C7E4222AD9F44B4BD4B1DB5	Recipe:	제작법:
6931364546C6BD8B10BDD293F9309513	Recipes	제작법
9C50B5CD426D189F45224C88F379489A	Regulator	조절기
D94D06EB466F14FFBCDD388E66E08DBE	Regulator	조절기
234FFD2D4F0DE7B800DDAB9E41BA0F15	Regulator	조절기
07BE829D4A534F8D62C7D49AED59214F	Required Plot Modules	필수 농지 모듈
6F2F1C9E4AE9CF67BDDC36990EAF497F	Seed Extractor	씨앗 추출기
72F3CE284C0DB5B2AA14AA99177A48BC	Seed Extractor	씨앗 추출기
90C105E2465CDA9B59A38986C3DEE5E0	Seed Extractor	씨앗 추출기
FB6A6DAE48706A9E9538788468165D49	Seed Extractor	씨앗 추출기
51E713E84E08DB9738599DB8A39D54AA	Seed Sifting	씨앗 시프팅
EE94FC2648911DB332ADAD918C9950EE	Slime Power Crystal	슬라임 파워 크리스탈
596AAD2C487F6B5D1653859100754D5C	Slug Slime	슬러그 슬라임
8FC56F7745AE8CBE4DED9A9B36F78FD2	Slug Slime	슬러그 슬라임
387971774F4E019795C739908684C75A	Slug Slime	슬러그 슬라임
70DF407447DAA3097D381CBAE046698D	Sound	소리
8B1553764164BFAC5C23629862B3B8F4	Sous Chef	수셰프
99D3675949036751F286EDB8E6AF346C	Sous Chef	수셰프
ADFA57F24577298FEF727D87694579A2	Stats	통계
7C2AC33448186DAC2D0C46AE93A202AA	Strawberry Seed	딸기 씨앗
6B0B41364745E5C74AC37996D57DA75F	Tomato Seed	토마토 씨앗
F482659D4BA8288526BA9D88DF121A0A	Tree Plot	나무 농지
24C260614A42A11795B311A8E1A208C0	Tree Plot	나무 농지
D312DC6A406DBE000F2FC4A91860A846	Used to automate the harvesting of crops. needs to be placed on a farming plot	농작물 수확을 자동화하는 데 사용됩니다. 농사를 지을 필요가 있습니다
BD9D245A444D234C671A088E3ABD5694	Used to cook, Bake, Shake, Boil, Fry, Blend every food and drink to your hearts desire. This is the one stop shop for cooking any food you want	모든 음식과 음료를 원하는 대로 요리하고, 굽고, 흔들고, 끓이고, 튀기고, 섞습니다. 이곳은 당신이 원하는 모든 음식을 요리할 수 있는 원스톱 상점입니다
6CC97A9348677573152382920B1279BC	Used to create fertilizer from organic products such as crops and leaves into fertilizer for a higher crop output	농작물, 잎과 같은 유기농 제품에서 비료를 만들어 작물 생산량을 높이는 데 사용됩니다
C8204AD743F92063DDB9F8847BCA475F	Used to feed your doggos	당신의 개에게 먹이를 주는 데 사용됩니다
BDB6186D4DFEFFB45746118FE45996EB	Used to grow Mycelia, Needs irrigation & greenhouse modules to work	균사를 재배하는 데 사용되며, 관개 및 온실 모듈이 필요합니다
A91509C948559707FDB51189CDBDD3AA	Used to grow all types of crops	모든 종류의 농작물을 재배하는 데 사용됨
D6EA34794800ED701601F0BA7F713231	Used to grow all types of trees	모든 종류의 나무를 재배하는 데 사용됩니다
63F9F3A94B0D7C9F615828A2F50EE9F7	Used to grow flowers	꽃을 재배할 때 사용됩니다
796B183049F21130CB7FF9ADBDF3C647	Used to house up to 16 doggos to be fed, watered, pet and heaten up while also extracting resources from them	최대 16마리의 개를 수용하여 먹이를 주고, 물을 주고, 쓰다듬고, 데우는 동시에 그들로부터 자원을 추출하는 데 사용됩니다
2D8AD47E4721E7A2E46395A2E8E49ED9	Used to make Bread	빵을 만드는 데 사용됨
BB9FAAC54A540AED7B41F4A44277C587	Used to make fine cloth	고운 천을 만드는 데 사용됩니다
D32D99C64B6B3F38EA1103A1F2E29F18	Used to speed up the growth of crops. needs to be placed on a farming plot	농작물의 성장 속도를 높이는 데 사용됩니다. 농사를 지을 필요가 있습니다
7FB786A84B3C551832027FB5A04D99BB	Used to water or fertlize crops. needs to be placed on a farming plot	농작물에 물을 주거나 비료를 주는 데 사용됩니다. 농사를 지을 필요가 있습니다
3E9000A34999E42F4B431DB7102A4754	Wet Dirt	젖은 흙
22B0C4CA4A84A98587479C99B8971475	Wet Dirt	젖은 흙
1397FFC147F17891F024E5B4A2BC41DA	What's up doc! Eat it raw or can be cooked in a stew.	안녕하세요, 선생님! 그것을 날것으로 먹거나 스튜로 요리할 수 있습니다.
FACD46D34A369CD5B97993B451C3DE71	Wheat	밀
FA7597B5447227645E6C999B84192B40	Wheat	밀
EFE7E34F4EA5939238A47ABAAC53F07F	Wheat Muffin	밀 머핀
87EC889747F507138A2EDE8DAFA6077B	Wheat Muffin	밀 머핀
8456F364470D91278BC3FC9A11832A4B	Wheat Seed	밀 씨앗
2D7FB9A04B70931EE05ABC813A02F951	Yosse Berry	요세 베리
BECB0F4242D932B5426BF49CE30A70D3	Yosse Berry	요세 베리
F502FD8349CC460C98279598A7965481	Yosse Muffin	요세 머핀
EDEF7710484C66C82248C39FCF413BB6	Yosse Muffin	요세 머핀
26730E454512A0840D7C94B8D3CD90BA	Yosse Seed	요세 씨앗
7E7F12D748D65B33EE8DCC9C464C9AC3	Your basic muffin.	기본 머핀
E5C043A843DEC1A63D2A0BB9D47FB045	{count} / min	{count} / 분
B28066E44DC48C4F0667368114F6D162	{num} secs	{num}초
1EE2F27A4CA47FAC791783A4C9C97DFF	{time} Sec	{time}초
CropPlot	Crop Plot	농업 용지
Crops	Crops	작물
EnrichedCrops	Enriched Crops	농축된 작물
FertilisedCrops	Fertilised Crops	비옥한 작물
seed	seed	씨앗
