73FB60F24EE919A4EE0463937581247B	A Container for easy transport	간편한 운반을 위한 컨테이너
BDE2E6C6429FEDA81040A1B25241961F	A adapter for different connections in a network system	네트워크 시스템의 다양한 연결을 위한 어댑터
0C5BC72E4635235477EAD686355195FA	A gas with a high proportion of sulfur. It is used in various processes such as the production of sulfuric acid.	유황의 비율이 높은 기체. 황산 생산과 같은 다양한 공정에 사용됩니다.
33D6CEBC47ED9B1D2A64E38F8A532DAE	A product that is created when oil is distilled	원유가 증류될 때 생성되는 제품
73876663427B75C1E9AC58AE2D6608AD	A product that is created when refine hydrocarbons and is used to manufacture plastics and rubber	탄화수소를 정제할 때 생성되는 제품으로 플라스틱과 고무를 제조하는 데 사용됩니다
F037997D407E43B429D711BFBF38117A	A sack full of finely crushed powdered coal. Perfect for making gunpowder.	곱게 부순 석탄 가루가 가득 든 자루. 화약 제조에 적합합니다.
B84556B740DAF01A0F3FDD99AA0017C8	A solid and highly compressed form of the element carbon. This material is extremely hard and cannot sink.\n\nis used, for example, for advanced drilling heads.	탄소 원소의 단단하고 고도로 압축된 형태. 이 재료는 매우 단단하여 가라앉지 않습니다.\n\n예를 들어 고급 드릴 헤드에 사용됩니다.
5C4EB7F34F75221C61154D81D8CB00EC	A special crystal cannot lose energy. Perfect to make a good computing system out of it. Is very unstable...	특별한 결정체는 에너지를 잃을 수 없습니다. 그것으로 좋은 컴퓨터 시스템을 만들기에 완벽합니다. 매우 불안정한...
2EEA2A0E46CEF25B630CECACFEC4C729	A waste product from the burning of various things	각종 연소로 인한 폐기물
750CC58242B93E6C41CA608A4F13CA92	A waste product that contains trace amounts of iron, magnesium and tin.	철, 마그네슘, 주석이 미량 함유된 폐기물.
467FBE494858E53F24BCF690CE7CB27F	A waste product that is very Dirty	매우 더러운 폐기물
F443745F4BF3C16B65FC21BD9BA91B79	Advanced Conveyor Belt	고급 컨베이어 벨트
64B924824DF990FC7ABE6D9BCC6F2318	Air	공기
42621914481D627C90691C86C4BA5CBD	Air, packaged for alternative transport.	대체 수송을 위해 포장된 공기.
454E0A1A40465AE9502EADB54819F40A	Allow sink overflow	싱크 오버플로 허용
5F47A9FF4C970011A5FEE4AA2E25C05A	Allowed	허용됨
97EAE9AF48E7F9046286EE8E8C14D0C8	Aluminum Sheet	알루미늄 박판
6D0ACD7A4F0E87607D55BC85CD5FC7C8	An energetic crystal that can certainly be used to enhance machines!	기계를 향상시키는 데 확실히 사용할 수 있는 에너지 넘치는 크리스탈!
C0F5791E41D770640F6C80A192EE1829	Asphalt	아스팔트
DCC9CAFE4FC771053F7E089B6CA323EE	Barrel	배럴
70621BF8420817F73653BD96A7424A8E	Biological Water	바이오 워터
443A80F249C03E972682659668DD7078	Biological Water, packaged for alternative transport.	대체 수송을 위해 포장된 바이오 워터.
67E74E7B44A597D359CC4A98D8C76183	Blood Red Slug Egg	블러드 레드 슬러그 알
8477A689466D062C3C3E4EAC161CDED1	BloodRed Slug	블러드 레드 슬러그
27F1E71041D282A06EF17582682347A9	Blue Slug	푸른 슬러그
3CDACCE7406F4A07894A2E9DAAFDF906	Blue Slug Egg	푸른 슬러그 알
B97B179A40DCB9D29F1FD9806931BCED	Bonus on production: 	생산성 보너스: 
A6E03B5544517860F7A8679F123871BB	Brass Ingot	황동 주괴
61D04A7A4C56547DA1389C9E9AA40363	Brass Pipes	황동 파이프
DA47A3D24751E330BA46DD9DD6822392	Brass Plates	황동 판
D326DCB54C2334997CBEA5AC6A693425	Breakfast Snail Food	아침 슬러그 음식
1606078743E41577C8ECA78F7EE0521B	Bronze Frame	청동 프레임
6E2491DD4AC65D8E01E9C38527430BD6	Bronze Ingot	청동 주괴
666625CD47BE6343E5DDCBA76D75B737	Bronze Pipes	청동 파이프
433F13B64C8B0430F5EC0CB031EAD6FB	Bronze Plates	청동 판
415422B7429106F66805C3BD2D8B72B5	Bronze Rod	청동 봉
B926A4BF4F13A9EA54E0838253E48548	Cannot found a Nexus\nor is not powered / cooled	Nexus를 찾을 수 없거나\n전원이 공급/냉각되지 않음
562444554F7EC9013237D4976B634069	Cannot found a Nexus\nor is not powered / cooled	Nexus를 찾을 수 없거나\n전원이 공급/냉각되지 않음
0AA37BF543414F6E32B832A598C7F36C	Carbon Dioxide	이산화탄소
154044124B4F7A863D50108F61732B5B	Carbon Dioxide, packaged for alternative transport.	대체 수송을 위해 포장된 이산화탄소.
0C8F35974AF55B347B7F3B8DE0C4BC8C	Carbon Dust	탄소 가루
0ECFD3524DCFE596C7F628B0C8DC3BE4	Carbon Mesh	탄소 메쉬
540882D84865103F80764F8530954B9A	Caterium Plates	카테리움 판
665AEB4B45A4976195FBA599103D9E3D	Caterium Rod	카테리움 봉
7E1E624C40A5EA003634D383B27E3347	Caterium Sheet	카테리움 박판
283602C4426576B1077AD88297962BAB	Caustic Soda 	가성 소다 
FC0D7B1542A0F0D6B92ACF908F5D7536	Caustic Soda , packaged for alternative transport.	대체 수송을 위해 포장된 가성 소다.
6F8223524461B546FE2F6D9F94BE6708	Caustic soda is mainly used in aluminum production. \n\nWarning: very HOT!	가성소다는 주로 알루미늄 생산에 사용됩니다.\n\주의: 매우 뜨거움!
6EDAD6D24ADC960209B679999624E113	Chest	상자
6D95D1284CC8C5C326C83CB56CD694F4	Chlorine	염소
6F0C7B1D4B5D632CBB9814AEABE80C78	Chlorine, packaged for alternative transport.	대체 수송을 위해 포장된 염소.
409EB6214F69FEDEDF05D2A00458D54A	Chrom Ingot	크롬 주괴
3EFC7A964B962BD652DAD1BF9BEF9881	Chrom Plates	크롬 플레이트
A1370E1A484265D6D108B798B8E3FC42	Cleaner Recipe: 	세척 제작법: 
1A24E63240451C9C54ACC6803C6B6F3F	Clear selected item	선택한 항목 지우기
BABB320343EDFF345329F4967FDFD45F	Close	닫기
921B113643DC991860DA0E9470916F0A	Coal & Lime Mixture	석탄 & 석회 혼합물
51E910024E45EFF0E4F938A0330D2FFD	Cobalt Ingot	코발트 주괴
88B6EA944A2CC6F6910619A6AAE294F2	Cobalt Plates	코발트 판
C697F84E4AAB87353EB57787DC4AA598	Cold	냉각
7F9DDA264DDCDDBA130E67966D6BF6D0	Cold Slag	차가운 광재
70F6FF3F4DE3E8E63B677783BD69F5DB	Collected genes from a slug, maybe an egg can be created from them? I guess we need an analysis of the genes.	슬러그로부터 수집된 유전자, 어쩌면 그들로부터 알을 만들 수 있을까요? 유전자 분석이 필요할 것 같습니다.
B1D9DAD2445D862BC902B89FD1BC8F24	Collectors in Range: 	수집기 범위: 
A5E50DBD4B30F7D53B2F7CA383F99AF2	Commonly used to surface roads and building parts.	일반적으로 도로 및 건물 부품 표면에 사용됩니다.
BFCFB7CE435E5959E19C71BFD044C99D	Compact Biomass	압축 바이오매스
C196D8A74192BB408D5875836210EE3A	Compact Biomass to Burn in the Biomass Heater.\n\nCan not use in the Biomass Burner!	바이오매스 가열기에서 사용 가능한 압축 바이오매스.\n\n바이오매스 버너에서는 사용할 수 없습니다!
FBE94CB04B0EC665C216F5A7BE79DB03	Conveyor Belt	컨베이어 벨트
3EB66F2E44FF2801DBBDB2A47ED6DA40	Coolant	냉각수
CA0F599F437F18E169FC97BE614BD274	Cooling Water, packaged for alternative transport.	대체 수송을 위해 포장된 냉각수.
73951E304565875B665050A3C0088342	Copper Busbars	구리 버스바
D67DAEBF4C032B783ECF649B783A35D5	Copper Pipes	구리 파이프
7F4F0D594F659AAB1C542F9CDAF664AD	Copper Rod	구리 막대
326B126341280AF34B8ED789B3AB573F	Copper Slug	구리 슬러그
79ABB7324C048E26A52D43AC5DBDCFD1	Copper Slug Egg	구리 슬러그 알
C7A90946415D99786DAE41858282123B	Crotinnium Ore	크로티늄 광석
5AE0D86C4434748A6FB247898E9365AB	Crushed Bauxite	분쇄된 보크사이트
2E53639F4B0749666490EA9836275452	Crushed Caterium	분쇄된 카테리움
5EC41143433DABE22DF179B635C5A6E3	Crushed Chrom	분쇄된 크롬
412B67D040C410F8C72636B0C5548BAC	Crushed Cobalt	분쇄된 코발트
858F282B41F6E4858E0ADB988CA7EEA7	Crushed Copper	분쇄된 구리
EDF1968A4573B827654911973C88B231	Crushed Crotinnium	분쇄된 크로티늄
BA968CC340EC84A48C1DF98F9E5647B4	Crushed Iridium	분쇄된 이리듐
0A7474D149F6A48AC9EE6AAE2658F16C	Crushed Iron	분쇄된 철
9EA3D7434760B1108DA78DA859E90F66	Crushed Lead	분쇄된 납
ED67C7A24BB81CFB527CEDB6311C8436	Crushed Magnesium	분쇄된 마그네슘
4C5A164D47FCBB6B684559A828DAD222	Crushed Nickel	분쇄된 니켈
9EFC5CE345F9CBC8CA18E7BA61B30E3D	Crushed Platinum	분쇄된 백금
D556AE8D4F496CAE270B6DA88A9B770E	Crushed Rubyte	분쇄된 루바이트
EEAF856C4280196D2F8D01B5873FA20E	Crushed Rutile	분쇄된 금홍석
F9E95E0F400D6FC8CD58A3990916C80F	Crushed Saphirite	분쇄된 사피라이트
F0C003A74326C890BB0FABAC1ED4B224	Crushed Satmonium	분쇄된 사트모늄
93577CBF4B88E2FAED0D4686B3660313	Crushed Silver	분쇄된 은
8BFC27FC4518100ECC3E628081832376	Crushed Stiratite	분쇄된 스티라타이트
15441DC946D05DA995B112913C5833D5	Crushed Stone	분쇄된 돌
B09BD36149241D146C06F1A67880A274	Crushed Stone is a mixture of different types of stone. Mainly used to produce building materials. 	여러 종류의 돌이 혼합되어 있습니다. 주로 건축 자재를 생산하는 데 사용됩니다. 
E7EE875E4187F03F94CFF6965A218910	Crushed Tin	분쇄된 주석
80D989D849BB960736C03E8709E41D02	Crushed Tungsten	분쇄된 텅스텐
39DE54754940F5D1248D1DBFFFA47E4D	Crushed Zinc	분쇄된 아연
20D99BAC4D710E917D74B49F6BE4389D	Crusher	파쇄기
B876A81C4C462D9EC14174B966C047C1	Cryolite	빙정석
5FC636CF49EB97ADD05037B609375A73	Darkblue Slug	진청색 슬러그
FC557CC349EC4E11B8244B9F2163A4AD	Darkblue Slug Egg	진청 슬러그 알
1D15FD9547C983C86876238B646DA644	Darkgreen Slug	진녹색 슬러그
3FE534DA47E838E1FB3B2CAD8785C613	Darkgreen Slug Egg	진녹색 슬러그 알
A812EB2D4B53B05ADD2EC8AAA968D560	Daytime:	낮 시간:
8A9F35274FE1095BAEA5129AF316F2CE	Diamond	다이아몬드
9D51B3B3471C363FF813A9B76B2936C6	Diesel Fuel	디젤 연료
3F62E253432C3132803DA7B0A4911BA3	Diesel Fuel, packaged for alternative transport.	대체 운송을 위해 포장된 디젤 연료.
9D9B1293477A59030C618FB7C8B7DD4A	Diesel fuel is mostly used to generate heat.	디젤 연료는 대부분 열을 발생시키는 데 사용됩니다.
E93A8DFF4AC813BCED56F182FE824F62	Dirty Water	더러운 물
39379D914226E9E9263B8496D92AFAD9	Dirty Water, packaged for alternative transport.	대체 수송을 위해 포장된 더러운 물.
9B36F5D844DBDB8D7631AEA3699369DA	Drill	드릴
636951FA4B8B70F51DB738A00C895604	Drill Tier is to low	드릴 티어 부족
F3D139924FBF56F738E48FB9FF0F10E9	Dust obtained from coal and sulfur	석탄 및 유황에서 얻은 먼지
5CA218844E0B7C4230FFB7964001E778	Empty Barrel	빈 베럴
E6F2F37E4CA81F126BD333B0A9F97E46	Empty Cartridge	빈 카트리지
D2D63852484BD4356812C8AF6695AC5E	Empty Cartridge the Color Gun paint.	컬러 건 페인트 카트리지를 비웁니다.
C3562CEC46154550D7BAE786FC95BB27	Empty Container	빈 컨테이너
55D2CF82464C1CC66E0F9E933A04D4BC	Empty Cryo Tank	빈 빙정석 탱크
412B5DF04502170CC336E49C4DC8019F	Empty Heat Tank 	빈 열 탱크 
8F61387F44679C8854EE798B1BC0E906	Empty! Place Hard Drive here.	비어 있습니다! 하드 드라이브를 여기에 놓습니다.
A23E16D34AA5058D48876E8675832F15	Energized Slug Slime	활기찬 슬러그 슬라임
9255511144A6606B1CC4AAAB4B1772B6	Energy 1	에너지 1
22F7454F4F781F5524C631BB2C8C1D6A	Energy 2	에너지 2
CF041BCD4D4E04434ADE6A81CE39235F	Energy 3	에너지 3
9855E9E643CE88BD9C0B4FB916EBB91D	Enriched Carbon Dust	농축 탄소 먼지
FBF0B4AE4EA61F94F6B7D6B1F34A1418	Enriched Uranium	농축 우라늄
DC4DEA53490036ABBA446398C8024248	Expert Conveyor Belt	산업용 컨베이어 벨트
FFFD94DD4DBB68ED0F7FB7BF65D0C7B4	Faxit Cable	Faxit 케이블
562E06CB41D1344AADEF51BD4ABDAF5B	Faxit Cable - Blue	Faxit 케이블 - 파란색
4D51E00342BBD1B30F14ECAC0C473932	Faxit Cable - Red	Faxit 케이블 - 빨간색
757C2CE84BE63C6E531E5B88A81AE3F6	Faxit Cable - Yellow	Faxit 케이블 - 노란색
88C96C5349A812AE6315019361D23B68	Faxit Cable- Green	Faxit 케이블 - 초록색
43A5A4644D914EA284BC6BB98C8C47F1	Filtration medium no required for current operation	현재 제작에 여과 재료가 필요하지 않음
429167E34E86E6D3910411BE499025DC	Fluid	유체
7C2F95D944D80313EC9817BA80FC17A7	Fluid	유체
C8D67FD4406E0B290FFE85990DD16706	Fluid Conditioner filtration medium monitoring	유체 여과기 여과 매체 모니터링
1985365E4408F2652E5BB995C9389693	Fluid Conditioner waste by-products	유체 여과기 폐기물 부산물
D1EFF3E74C36754AD818B38E28C7CFC6	Fluid Drive Mk.{Tier}	유체 구동 Mk.{계층}
E1F898144BA18D551AAD82B8FEC6985D	Fluid Info	유체 정보
E53EA42C42F55446F86CBD812C3137DD	Fluid Info	유체 정보
31AFDC0048B09B25AC18D580A78C5E7B	Fluid Server	유체 서버
A9A7A9E74FB654A2A6A04488A5730197	Fluid Tank	유체 탱크
A7AE24ED4E8818956A07DC97528B7726	Flush Fluid Tank	플러시 오일 탱크
709C098C4AA7730B3F33B58CFD980FB3	For packing Oils	포장용 오일
9305BD074DDAFB5F1668269BEF409512	For packing hot Liquids	뜨거운 액체 포장용
E0E027FE468199B1F5AD058A5AC4948D	Fruity Snail Food	과일 같은 슬러그 음식
1817719849E577ECB987A48F8F269F71	Gas	가스
7748460546C1FFA9F6C46FB9A0E3B661	Glass	유리
7E1481304567F919B054A883FEC68179	Golden Slug	황금 슬러그
3061A86D4BD7CC0813A6229C6A921C4C	Golden Slug Egg	황금 슬러그 알
8AE8AB1E42BF2C2D461BA9B6C057C48F	Grainy Snail Food	곡물 슬러그 음식
9A355B8E4CBF6ABE51BC04ABC8DFF321	Hardrive: {Name}	하드 드라이브: {Name}
4054ADB346B36A977CA123AF11BAEC93	Healthy Snail Food	건강한 슬러그 음식
587D150746200D174F38A8B6950AA912	Height bonus: 	높이 보너스: 
EE6683B24B578BBDBD7D0F97C23B2863	Helloween Snail Food	할로윈 슬러그 음식
4CBEAF77493D9DBD6BCEF1B0FBA85424	High Energized Slug Slime	힘센 슬러그 슬라임
C49A16814469F77227B7D29D05B8CE1C	Hot	뜨거운
AEAC5D2E46FA0AD21407C491B22B0AF3	Hot Steam	뜨거운 증기
07D41BD1450EB47FE2AEA28637A7D85A	Hot Steam, packaged for alternative transport.	대체 수송을 위해 포장된 뜨거운 증기.
4055F7414B9822E363A6CD9E49F19EE6	Humidity	습도
24F399974C0700B1AB79B5A4DED2AC2E	Humidity\n{value}%	습도\n{value}%
A18D9FCF42405256A5C183804578B797	Humidity:	습도:
8525D1CD4647605362C440943EE2B351	Humidity:	습도:
896F4B6F41668E1F174E44BBD1275AE6	Humidity: {TEMP}%	습도: {TEMP}%
5CB158004DB794BD06B2B3818A1D8C19	Humidty	습도
9B7DFDD94B256CB9948F538A577CC8B8	Hydrocarbons	탄화수소
0585C7654829C985BB1C1EA015C42A4E	Hydrocarbons, packaged for alternative transport.	대체 운송을 위해 포장된 탄화수소.
8734F2FC4D9EA763C075C693683F7900	Hydrochloric Acid	염산
0824036C4ED4F4CA6BC8ED9FC324CB53	Hydrochloric Acid, packaged for alternative transport.	대체 수송을 위해 포장된 염산.
D7496A7E4BAF1FCB6B77C886FE75B55F	Hydrogen 	수소 
6F4C6C0C4694727774C556BE1CA72FD0	Hydrogen , packaged for alternative transport.	대체 수송을 위해 포장된 수소.
D5B553144D9EEA2E1817DDB5DF0EEA9D	Hydrogen Gas can used to make a Fuel for the Gas Generator... And other things?	수소 가스는 가스 발생기의 연료를 만드는 데 사용될 수 있습니다... 그리고 다른 것들은?
6E0D3381489AC4A6CD8C70AEB539D485	I think we should adjust the temperature better... 	온도를 더 잘 조절해야 할 것 같아요... 
D5778CE4435ED7D261E53DB699EBF86F	I think we should adjust the temperature better... 	온도를 더 잘 조절해야 할 것 같아요... 
2A54F0BC47054A43CD55BC84748B9003	IMPURE	순도 낮음
5EC971A44BAEFC63FD861EA3683533E7	INSERT FILTER	필터 삽입
D13F8BEA44B46CC3C0E501804D9F2FC4	Increase the item capacity by {Bytes} Ficsit Bytes\nTotal: {Value} {Suffix}\n\nincreases power consumption by {Consume} MW	Increase the item capacity by {Bytes} Ficsit Bytes\nTotal: {Value} {Suffix}\n\nincreases power consumption by {Consume} MW
4C5DBD3A4B1CB8D9F067A6A200D96B3F	Incubator	부화기
26CF2B3D46ACFF8B950B78A5B76B4644	Incubator Tier:	부화기 티어:
4ECE2B5740DFE52C2C6D0CB0D926EFDB	Invar Ingot	인바 주괴
9C157B234658A88327DF4682E0E483F7	Invar Pipes	인바 파이프
35B0944449BBE600EABC699C5259BAB0	Invar Plates	인바 판
6520E56F4B81DFD272E0B0AF13672900	Iridium Plates	이리듐 판
9FB571BD47F6214FD5A19AB3E01832DB	Iron Sheet	철 박판
CB9961584ADAE981DCB5019EEF14B36A	Iron Slug	철 슬러그
478E0CB64010B9D05178BF84ED243C64	Iron Slug Egg	철 슬러그 알
34BAAA2A44B8AC06728C96998654E959	Iron Wire	철 전선
B88C72A44BF2EE0281F4758757EF4ED4	Is it the right time for this? 	지금이 지금이 적기입니까? 
1700B6AA4F5F4F5BE2BE888E85F46C8B	Is needed to build solar panels or used as a filter for liquids.	태양 전지판을 만드는 데 필요하거나 액체의 필터로 사용됩니다.
2FE9B00147CF772A50C431BA845F1AFE	Is used for cleaning Crystals	크리스털 세척에 사용됩니다
B82017D9401DA6B8FE2970A98CAED0F0	Item Drive Mk.{Tier}	항목 드라이브 Mk.{계층}
C4A889E841EAE9FCB1044CA2F45C4851	Item Requests	항목 요청
AD2D71754D8215E94C363BB19C6BCDF4	Item Trash	항목 휴지통
F16D7BE141EE19400E0EE5802BCFCC70	Item sink points	항목 싱크 포인트
0C7A4FDA412F558CBC24718A411C01D4	Item stack size	항목 스택 크기
A245DBE64945B9B6E450CCA02F84623A	Its Air!	공기야!
F870473A49184E8EA664D69B5C5B1DB5	Its Toxic Air!	그것은 유독한 공기입니다!
DE13CD884A63B0D65D339CBAEF7FD9A8	Kovar Ingot	코바르 주괴
E8AEECFF470E807356817D8DA9F9394D	Kovar Ingot	코바르 주괴
004D5A8E4CAE2CF60304D9B258D31AEB	Kovar Plates	코바르 판
8ABD6C57420146EC73443BA2E1A0C4CE	Lead Frame	납 프레임
2407E3384F1C9AFCD6B40085FD749AD4	Lead Ingot	납 주괴
C3B3FF964B0F2DD5C80753ACBE377CE8	Lead Plates	납판
1EA22A3B49D716C84BD0F8966433FCC4	Lead Sheet	납 박판
6046AE4543D1574070B10E81F0A2A03F	Lime Dust	라임 더스트
5A980280495861B2D2D5ABB2F52D7AB4	Lime Slug	라임슬러그
C71A42F8450F546004E0CD90EA54A137	Lime Slug Egg	라임 슬러그 알
FFC02D534B4868A7E227298AD2D22CA4	Lime dust is used for many things! Examples include fertilisers, clarification processes, containment of harmful gases, steel manufacture, plastics/rubbers, paints and concrete. \n\nA really important thing.	라임 더스트 is used for many things! examples include fertilisers, clarification processes, containment of harmful 가스es, steel manufacture, plastics/rubbers, 페인트s and concrete. \n\na really important thing.
5E0A6D6342908C4EC18A73A837D838AB	Low Energized Slug Slime	낮은 에너지의 슬러그 슬라임
170F2F2148E89DFF7E1C61A6CBE5E38C	MAX	맥스.
249966D94F57BA99E8689DA058FCD30B	Magnesium Granules	마그네슘 과립
5A16252449C0CAD9E5AB08893A0FC7F5	Magnesium Ingot	마그네슘 주괴
0B6E54234B60C386F33334858C4CE71F	Magnesium Plates	마그네슘 판
5E5F1E504E5459C7E3DA15901FFE5635	Mainly used for conducting electricity. \nGood use for buildings that produce a lot of electricity or consume large amounts. 	mainly used for conduc주석g electricity. \ngood use for buildings that produce a lot of electricity or consume large amounts. 
973AC9424BF4C62A81C24B976D85971D	Mainly used in the Gas Generator to make Power\n\nCan burn in the Gas Generator	mainly used in the 가스 generator to make power\n\ncan burn in the 가스 generator
EA2D0F804D9D2C15BD1D2EBB6AD1E38D	Malus: 	말러스: 
FFC90DC44104D82CA147F49CD0EF5604	Max Ficsit Byes : {Bytes} | Increse storage: {Increase}{suffix}	최대 Ficsit Byes: {Bytes} | 스토리지 증가: {Increase}{suffix}
1D58C3954D0855CA6599839B578A3F80	Max Item Amount	최대 항목 금액
8D6216A643E9BAE5838F1CACD0F5022E	Methane	메탄
673E343A4C3C3EA8FD3D6284A5ACF2EB	Miner	광부
23CEBA42402676CA7574468E61C6A216	Mineral Slug Slime	미네랄 슬러그 슬라임
7BD0411740B7C2E11A9C2390BAA8DFE9	Mining Efficiency 	광업 효율성 
35599E1949E4F6DC98FA5896C71BF6BE	Missing Egg!	계란 분실!
AC3770CF409B76650A07F188BB943723	Missing Fluid Tank or Tier is to low!	누락된 오일 탱크 또는 계층이 너무 낮습니다!
BDFD7EA7420A7A02ACF2B29532A85D47	Missing Incubator or Tier is to low!	인큐베이터 또는 계층이 너무 낮습니다!
076CC2BF4447B499373CE097FCD8E45A	Missing Slug!	실종된 슬러그!
256EF90E4C967C3BC154AF813F87B992	Molten Aluminum	녹은 알루미늄
9981805141D34B524901DA90BEAD87DB	Molten Aluminum, packaged for alternative transport.	대체 운송을 위해 포장된 녹은 알루미늄.
636D9BA24407464AB3CCDE854E34034F	Molten Brass	녹은 황동
FB297948407A37B63B5164B906DEB831	Molten Brass, packaged for alternative transport.	대체 수송을 위해 포장된 녹은 황동.
5116ECB3432F3F58081B988DFD862B4E	Molten Bronze	녹은 청동
D5E6ADE842FA6F15EEFF5B81AF07D0BD	Molten Bronze, packaged for alternative transport.	대체 수송을 위해 포장된 녹은 청동.
27C4966A404284EAAE185EAD09B983C1	Molten Caterium	녹은 카테리움
70FADA0846B21362BC69C9BDB0011C76	Molten Caterium, packaged for alternative transport.	대체 수송을 위해 포장된 녹은 카테리움.
B87EACFA4573C3A892A8768C79D461DC	Molten Cobalt	녹은 코발트
2EE394CE498537BEA2634996D21F7C58	Molten Cobalt, packaged for alternative transport.	대체 수송을 위해 포장된 녹은 코발트.
91E57D804FC6F02E25A40CABC2EC3FC8	Molten Copper	녹은 구리
A65B5594468DD174B22DFE8ABCAF3F90	Molten Copper, packaged for alternative transport.	대체 수송을 위해 포장된 녹은 구리.
B26217DE43A99B996EDC6699A8269183	Molten Invar	녹은 인바
DBFBC6D1434486A2B91547A8A2F445BF	Molten Invar, packaged for alternative transport.	대체 수송을 위해 포장된 녹은 인바.
25918AE74224DEAC7C52CEA1157103A8	Molten Iron	녹은 철
D0742EDE4BA6DB14657867ABC7D7123C	Molten Iron, packaged for alternative transport.	대체 수송을 위해 포장된 녹은 철.
C61BE6CE4AA8EED4AC630C86CBABDEDA	Molten Lead	녹은 납
3CC25E8646D0903093B986A110841918	Molten Lead, packaged for alternative transport.	대체 수송을 위해 포장된 녹은 납.
70CD1C64493490119615CCB896CAF7AD	Molten Magnesium	녹은 마그네슘
0BBFFFB344EC3C8E3CB01BA33C2BAF1C	Molten Magnesium, packaged for alternative transport.	대체 수송을 위해 포장된 녹은 마그네슘.
BCE635944414CDA3E29F8984672CD8FA	Molten Nickel 	녹은 니켈 
B6B3169F4D6330A1E2D580A3BC11908A	Molten Nickel , packaged for alternative transport.	대체 수송을 위해 포장된 녹은 니켈.
228927704951C03033DE48942BB6B9B7	Molten Slag	녹은 광재
C4F2E0AD4F2C0A31A8D8BE8D9291B837	Molten Solder	녹은 땜납
48941CAF417D60E3A92445866A523416	Molten Steel	녹은 강철
ACFF4B0943BCB3D00F4736A5B9FA9349	Molten Tin	녹은 주석
1FA0F7F7485F9C80C29E5D83BDD4B807	Molten Zinc	녹은 아연
7B9426E7440B3CF193C94CA3DAC319BB	Mushroom Snail Food	버섯 슬러그 음식
F90327E248B18B8F0659369EF0437C32	NOPE	아니.
1A35559049A64BD65FA2E1BD97BFC0BE	NORMAL	보통의
290B014743AC0796E0D0C0BBA2EDF5E1	Natural Gas	천연가스
8A2E57414D07A65316C34F956390B8F9	Need 2 Slugs	슬러그 2개 필요
93DC3A814A22B4DA96CBEC986D9306EE	Network Buildings	네트워크 빌딩
ED2170A84E49D0DE60A60C8FAB216109	Network Core	네트워크 코어
9789261F49DC333D470D8C98D6897B20	Network Drive Controller	네트워크 드라이브 컨트롤러
48D3F016485595E42102ED871FEA00AE	Network Teleporter	네트워크 텔레포터
BD696A8B43F37F50BC84FB987721BB9C	Network Terminal	네트워크 터미널
50F1C80B4A3BFC453DB1FD93A024861A	Network Terminal	네트워크 터미널
DCDA709D4EF94C4757AD5DBA5F0DB08E	Network Wireing	네트워크 배선
D28EC4FA424D3D46A3E563B920315BF8	Nickel Ingot	니켈 주괴
57EBD9714AE490C77B782484B04EA574	Nickel Plates	니켈 플레이트
D19891C3417FDFC9ED49DBA82D61EF4C	No knowledge about these ore... need more research first!	이 광석에 대한 지식이... 먼저 더 많은 연구가 필요합니다!
E54112394EA0E2DE6671D5A85BED4089	Node quallity survey	노드품질조사
216CFC7B4689F58AF4689FB595BE5045	Not Allowed	허용되지 않음
76E9E1AC48F45F260FF1F1A58F6321AA	Not enough fluid!	액체가 부족합니다!
B45E82744B151623850708B7481A8105	Note: they use the same temperature and humidity as the eggs.	참고: 그들은 계란과 같은 온도와 습도를 사용합니다.
7769EE3749D7DA799C134395B5951EC9	One of the most basic parts from Aluminum.	알루미늄의 가장 기본적인 부품 중 하나입니다.
E0EB29A4499E4066AEF30AAAACA8D0CC	One of the most basic parts from Brass.	황동의 가장 기본적인 부품 중 하나입니다.
06FE32E44BE9478247288C98462E11B8	One of the most basic parts from Brass.	황동의 가장 기본적인 부품 중 하나입니다.
5F47CF47429FDC7A065B74B98D526B26	One of the most basic parts from Bronze.	청동의 가장 기본적인 부품 중 하나입니다.
6C1064FB45E171D19EBBB8BBD3ED4626	One of the most basic parts from Bronze.	청동의 가장 기본적인 부품 중 하나입니다.
C662AC6A46DB95155FB23D9A1947FECE	One of the most basic parts from Caterium.	카테리움의 가장 기본적인 부품 중 하나입니다.
F2A89C564540F2F295CDFD8C2A3250C1	One of the most basic parts from Caterium.	카테리움의 가장 기본적인 부품 중 하나입니다.
7825B23A4EF2FD03CBD6DE8162F9B0E1	One of the most basic parts from Caterium.	카테리움의 가장 기본적인 부품 중 하나입니다.
EC327595452D776AAC4191B1C8C1D21B	One of the most basic parts from Chrom.	크롬의 가장 기본적인 부품 중하나입니다.
93887CE14B7671146CAA7CA6A844FA3D	One of the most basic parts from Cobalt.	코발트의 가장 기본적인 부품 중 하나입니다.
E19A1DC74532200C4ECE10BD11658526	One of the most basic parts from Copper.	구리의 가장 기본적인 부품 중 하나입니다.
D95EAE6E479A65DB2BEA64B36D840CDB	One of the most basic parts from Copper.	구리의 가장 기본적인 부품 중 하나입니다.
E1B6E3CD4ABCFEE6D0D528914E585406	One of the most basic parts from Invar.	인바의 가장 기본적인 부품 중 하나입니다.
22B620584123B271415326A6D40E1649	One of the most basic parts from Invar.	인바의 가장 기본적인 부품 중 하나입니다.
EF2BF63D4D92E11B5B418D91E0BA1973	One of the most basic parts from Iridium.	이리듐의 가장 기본적인 부품 중 하나입니다.
FA98F2284C80BB54E8B958959A5DAE37	One of the most basic parts from Iron.	철의 가장 기본적인 부품 중 하나입니다.
EDF09E3148B0F5181A0223A216C8B380	One of the most basic parts from Iron.	철의 가장 기본적인 부품 중 하나입니다.
6F2E44F140D86585EEAF5990B4E011EA	One of the most basic parts from Kovar.	코바르의 가장 기본적인 부품 중 하나입니다.
3768D1DA450D428EED7A65974E349A5E	One of the most basic parts from Lead.	납의 가장 기본적인 부품 중 하나.
1CFA203142BE4D8358547F8D6D0EABA3	One of the most basic parts from Lead.	납의 가장 기본적인 부품 중 하나.
407E6C5E47CA43B5F6F5BFAD9EA2A60A	One of the most basic parts from Magnesium.	마그네슘의 가장 기본적인 부품 중 하나입니다.
B6C4480F474C0A43526E788F34B45F0B	One of the most basic parts from Nickel.	니켈의 가장 기본적인 부품 중 하나입니다.
DDDE140242127CDD2B0B659025064C51	One of the most basic parts from Platinum.	플래티넘의 가장 기본적인 부품 중 하나입니다.
1C3113954EA8E416FBA6DD9A14528A7E	One of the most basic parts from Silver.	은의 가장 기본적인 부품 중 하나입니다.
0B2780DF49734ED534F17E885DBF3D13	One of the most basic parts from Solder.	땜납의 가장 기본적인 부품 중 하나입니다.
68A010104D44AAE1F9206D9B3B987147	One of the most basic parts from Steel.	강철의 가장 기본적인 부품 중 하나입니다.
256AC13148797924830F688E29000FC5	One of the most basic parts from Tin.	주석에서 가장 기본적인 부품 중 하나입니다.
2E477B6F4620845422AC8BA8CC925A23	One of the most basic parts from Tin.	주석에서 가장 기본적인 부품 중 하나입니다.
3412B6804CE99078952B95BBD5FAD7F8	One of the most basic parts from Tin.	주석에서 가장 기본적인 부품 중 하나입니다.
97AA989142032C71182332AF604EF305	One of the most basic parts from Tin.	주석에서 가장 기본적인 부품 중 하나입니다.
AD7D72B34847293CBD7160A334336D86	One of the most basic parts from Tin.	주석에서 가장 기본적인 부품 중 하나입니다.
FE2D584E4E6803B7D2A3F9BA9B816CE8	One of the most basic parts from Tin.	주석에서 가장 기본적인 부품 중 하나입니다.
E190EECA411E1B5F74C460BB3EFF0F5E	One of the most basic parts from Titan.	티타늄의 가장 기본적인 부품 중 하나입니다.
F08C93CD48460B2C8499E38518A54820	One of the most basic parts from Titan.	티타늄의 가장 기본적인 부품 중 하나입니다.
AB29EE9F4B2DF3A6545A249FE9CFBC71	One of the most basic parts from Titan.	티타늄의 가장 기본적인 부품 중 하나입니다.
02AB8BC14287B41D6613E5B1A8EF63F4	One of the most basic parts from Zinc.	아연의 가장 기본적인 부품 중 하나입니다.
5764A21C46BE0C023FDAB4B9EBBA8E45	Open Storage Network	개방형 스토리지 네트워크
DF85D8704DC8D8D2FD648EAB27E6C4A2	Orange Slug	오렌지 슬러그
535A135943835ED7951BF6A3D2B9CA7E	Orange Slug Egg	오렌지 슬러그 알
7C61041F47205DDD8395E69D17FA18CD	Ore that can be process to\n\n- Bauxite\n- Nickle\n- Lead	다음 광석으로 가공할 수 있습니다:\n\n- 보크사이트\n- 니켈\n- 납
32F097394AFC26CAAC399F91CC988472	Ore that can be process to\n\n- Copper\n- Zinc\n- Lead\n- Iridium	다음 광석으로 가공할 수 있습니다:\n\n- 구리\n- 아연\n- 납\n- 이리듐
C5677BD541A9F19F0F44048172E5C79B	Ore that can be process to\n\n- Gold\n- Copper\n- Platinum	다음 광석으로 가공할 수 있습니다:\n\n- 금\n- 구리\n- 백금
F702E87749B9025240BFA89368DA46D4	Ore that can be process to\n\n- Iron\n- Magnesium\n- Cobalt\n- Rutile	다음 광석으로 가공할 수 있습니다:\n\n- 철\n- 마그네슘\n- 코발트\n- 금홍석
CE4702464B7B556D389E76B70B80E361	Ore that can be process to\n\n- Tin\n- Lead\n- Nickle\n- Rutile	다음 광석으로 가공할 수 있습니다:\n\n- 주석\n- 납\n- 니켈\n- 금홍석
420892AC4F8A7562AB75BDB1C32776B0	Oxygen	산소
361316514DA8984186F085B30BC70B4D	Oxygen, packaged for alternative transport.	대체 수송을 위해 포장된 산소.
E9C910214AB1AB96382628A453DA4807	Oxyhydrogen	산소 수소
FCBB048245626EF09BD0ED8BE91F05D2	Oxyhydrogen, packaged for alternative transport.	대체 수송을 위해 포장된 산소 수소.
C40DEBA44CE84FA5D210F48F983FCF39	PURE	순수함
57F9CF8E4DD0DE3CC636A4941BFF085F	Packaged Air	포장된 공기
6F3597EA435426017C3A53821C62D696	Packaged Biological Water	포장된 바이오 워터
163F605344155B045F001FA3A465982D	Packaged Carbon Dioxide	포장된 이산화탄소
0A01A85742D34360614249B9233B9843	Packaged Caustic Soda 	포장된 가성소다 
1A8157FC44EF28E5A87D6AA0C85023D6	Packaged Chlorine	포장된 염소
14AB85DC4E560FE4C5DC98A699F7D02F	Packaged Cooling Water	포장된 냉각수
5E1781344931C63267B81FB9E7009DB7	Packaged Diesel Fuel	포장된 디젤 연료
52DEF4B24EDC9C7B8A8CBFBF76D81B94	Packaged Dirty Water	포장된 더러운 물
0867445D47D0EDE0A653409C9647FFBD	Packaged Energized Slug Slime	포장된 통전 슬러그 슬라임
EAB71EF9495B2B7F4668158A00D9DDFC	Packaged High Energized Slug Slime	포장된 고에너지 슬러그 슬라임
FC82DD83447BCEA79C68DCA925D8EECF	Packaged Hot Steam	포장된 뜨거운 증기
12C87606453D9341DA2D52852EC75D8E	Packaged Hydrocarbons	포장된 탄화수소
968F96EE4D0CFCCBF0FD0C9B47CAF58D	Packaged Hydrochloric Acid	포장된 염산
6C6A0E4B463653133F147C9729352BA2	Packaged Hydrogen 	포장된 수소 
716F5E2E4318E797D6945BBFDDB650E2	Packaged Low Energized Slug Slime	포장된 낮은 에너지의 슬러그 슬라임
EF02D5BB4759C645D96B7CBD9CED3705	Packaged Methane	포장된 메탄
54C1DE37442D9E69A9B636A5F8D4B37E	Packaged Mineral Slug Slime	포장된 미네랄 광재 슬라임
257CF3D44FFF99D19E094892232179E1	Packaged Molten Aluminum	포장된 녹은 알루미늄
D04262B24DB5B10E669849B90F59C35D	Packaged Molten Brass	포장된 녹은 황동
62F66E4F463BD7C357D785AFFE1731C1	Packaged Molten Bronze	포장된 녹은 청동
365854A34CB893636B8FE1840F766E9B	Packaged Molten Caterium	포장된 녹은 카테리움
91F0A409499EE6C81D470496DB0F4F24	Packaged Molten Cobalt	포장된 녹은 코발트
C9D7E4104CA2CA971BFF829B83E9669C	Packaged Molten Copper	포장된 녹은 구리
30883ABD43A6E33EC961FBB18A4129E9	Packaged Molten Invar	포장된 녹은 인바
7659CEB940FE68A80B3CBEB046903B71	Packaged Molten Iron	포장된 녹은 철
12EC4FE24499AB96327394A10A2A8305	Packaged Molten Lead	포장된 녹은 납
E87A7027490E43390BDFDDA34A7783B3	Packaged Molten Magnesium	포장된 녹은 마그네슘
21719ADA443249E3C502F6B2A90548FB	Packaged Molten Nickel 	포장된 녹은 니켈 
9CE5D50B4DEB160756808E8A4B51C1CA	Packaged Molten Slag	포장된 녹은 광재
922EEF304A792436FFC07A80082B5D49	Packaged Molten Solder	포장된 녹은 땜납
9684832646E77022FBD6EAADE871E42C	Packaged Molten Steel	포장된 녹은 강철
03E11D6E4839CFCD75BF97ABFD375031	Packaged Molten Tin	포장된 녹은 주석
369C6DD44F743D213C4C9388DF46FD2E	Packaged Molten Zinc	포장된 녹은 아연
3A71E3654ABBF7B4A13D0BB90BC17AC6	Packaged Natural Gas	포장된 천연 가스
A8602DCC46E79D679025AE82EA5CB775	Packaged Oxygen	포장된 산소
26D187BC4BA9DC18735A58A8E1A93749	Packaged Oxyhydrogen	포장된 산소 수소
C591F8E5451E7D25F04E48922668A8CB	Packaged Paint	포장된 페인트
75674A1A4BE364C173C1BAB029BD2DBE	Packaged Purified Crude Oil 	포장된 정제 원유 
FC96838F4415DBCEA3E0EE821F2FD3D6	Packaged Raw Sludge	포장된 생 슬러지
7ED655E144A0151BB92706AB4C207912	Packaged Refined Hydrocarbons	포장된 정제 탄화수소
319179284495395DACC1B88C0A7E3259	Packaged Steam	포장된 증기
8A1D770E4983BB58B476E7AB9BBB1246	Packaged Sulfurous Gas  	포장된 유황 가스  
A1FE1F0A4489C4F84B4BE596C2729CF2	Packaged Titanium Solution	포장된 티타늄 용액
F831BADC4B9A7AD3FC79ABA8E1EFEACB	Packaged Titantetrachlorid	포장된 사염화 티탄
E49461F24AEEA26811C1FE95E37C72A1	Packaged Toxic Air	포장된 유독성 공기
D1CC4AC54E9AF99A9749A6AEB6ABF524	Packaging - Acid	포장 - 유독 가스
75EDD8AF42A6E4DF325230AE2C4DC28A	Packaging - Barrel	포장 - 배럴
6CB4012B4D9206A5FD90689F3B247AA4	Packaging - Bottle	포장 - 병
A781A77B4621124FF3E969B7B93BC400	Packaging - Canister	포장 - 통
5508A19D41576500B37E099AD5AA9F9B	Packaging - Cold / Energetic	포장 - 냉매/에너지
23CBC85149DDAFE9BD921E9A8A03B47D	Packaging - Gas	포장 - 가스
9C308EE145FB360664CFBFB7AD92A2BE	Packaging - Hot	포장 - 열체
9FAF5E5D48CBBDD679842BBA12376361	Paint	페인트
41D7CF3F49CDED7E9B63BC84DDE89577	Paint for the Color Gun.	컬러 건을 칠합니다.
BF4D2D6541B0451E4EEC83A9A92D4C01	Per min	/분
287AAF284F9495D29386DD8DBD1EE9AC	Pink Slug	핑크슬러그
0BD794BF4034FDD43780458FA2BBE1F9	Pink Slug Egg	핑크 슬러그 알
70847B15442364ED37A99597116454E9	Platinum Ingot	플래티넘 주괴
AF756DC049BEB468DD6C6B9AEE48E2BC	Platinum Plates	플래티넘 플레이트
BC8B00BD47073FC0FFD05FB3DEB1DD5C	Player Transfer Buffer	플레이어 전송 버퍼
80AB5AE644EEE5B24D068C8897CDED6F	Please go on the teleporter before you interact with!	당신과 대화하기 전에 텔레포터를 사용하세요!
74E1B9D34D2CD22D45B9918976DC8488	Plutonium Fuel	플루토늄 연료
2D3E9CCD46A2BFF2EC3001ADEF67ACDF	Power Relay	파워 릴레이
C1BEB8594F798B2A85F12A968887727D	Power Shard Crystal	파워 샤드 크리스탈
50C478B9408D1EE38008B0A4BD2E4BDE	Power Shard Frame	파워 샤드 프레임
E2B5D93445FBDBEC200E10847FC96AD1	Power: {cur}/{max} MW	전원: {cur}/{맥스.} mw
B89D42F94335F1C00C0024AA39623EF0	Press [E] to Open Supply Box	[E]를 눌러 공급 상자를 엽니다
CE4796774C2E3BC9D84E528EEC12C76B	Prod. Time: {time} sec	제품 시간: {시간을}초
415D01B948C48F588451369FC6A37EF0	Productivity: {perc}%	생산성: {perc}%
8797158642F2889839DB9690FE04F9D4	Project Part #10. Ship with the Space Elevator to complete Phases of Project Assembly.\n\nPower Management Relays are responsible for powering Project Assembly and managing it's vast demand of energy. They are a core part of it's power network.	Project Part #10. Ship with the Space Elevator to complete Phases of Project Assembly.\n\nPower Management Relays are responsible for powering Project Assembly and managing it's vast demand of energy. They are a core part of it's power network.
99604C65410399A1500590BB0460CEF2	Purified Caterium	정제된 카테리움
D9FBA95E4841D991AA2805B695E0D1FD	Purified Cobalt	정제된 코발트
1CA9ABEE4F4B5D4B05BE60BB41048784	Purified Copper	정제된 구리
4C07F7334B6B499192C6DE9A9918837E	Purified Crude Oil 	정제된 원유 
E9F26DC64223942F5F20998CA72EB008	Purified Iron	정제된 철
7B7EB35B44039061B18510A069ACA566	Purified Lead	정제된 납
FA5517494105BE0DBCBC7FA886142E7A	Purified Magnesium	정제된 마그네슘
FEB44E89408BD6C4E615E7A824AD5E35	Purified Nickel	정제된 니켈
663597054282770CCC2D758776C156BF	Purified Rutile	정제된 금홍석
62B8CBAD43F1BAD3C9E0E29086E6801C	Purified Tin	정제된 주석
12D5E8F44DF9BB270CCA7F9EB4A002B7	Purified Zinc	정제된 아연
94BEA5D448ACA0E66ED0BE94E6864CD0	Purple Slug	퍼플 슬러그
6AC92C12413D6EE68494708FD664DBC7	Purple Slug Egg	퍼플 슬러그 알
E73AFF564B30F56CD852729933AE01E8	Quantum Cable	양자 케이블
C35671D54CDC8EA4D0B858A8301D5440	Quantum Cable Adapter	양자 케이블 어댑터
C0CCB5044669A50066F8288583A0B6C1	Quantum Processor	퀀텀 프로세서
487B019C4D13F2B7C7B16FB1B3FF9C60	Radioactive!	방사능!
84DAA18B490825CAFDF07F8B2072F363	Radioactive!	방사능!
14A8E6D342D25AA5F1A108954E637C7C	Radioactive!	방사능!
72843DD942A1A9516828BFBFAA4B8E60	Raw Sludge	생 슬러지
1441D3A54D224C39468C3CBBAD47DDC2	Red Slug	레드슬러그
AED71B67470E0FB8BA45CB8E4D88228B	Red Slug Egg	붉은 슬러그 알
2DF6CA7F49C56269C4CD548E5A36FB4B	Refined Hydrocarbons	정제 탄화수소
0BF7CBB245F735ACC4AA69B0EACCE535	ResourceNode: {ItemName} - {Purity} - {Location}	자원 노드: {itemname} - {Purity} - {location}
D99865B94A5C239FDE2A34A5D4A83BE7	ResourceWell: {ItemName} - {Purity} - {Location}	자원정: {itemname} - {Purity} - {location}
3D4222DA4F0B3C9075595AAADE39E358	Rotor Blades	로터 블레이드
BB71BFE94321B5952CF1E18BC9CDE8BE	Rotor Blades	로터 블레이드
677781494DB328733DE03C8387FD9F64	Rubyte Ore	루바이트 광석
9B276CF2448603DB9AB26B9EEC8E3692	Salt	소금.
8F770FFB499025439B35B3980EAA6B8F	Sand	모래
3C4E5799475E62739167B58C072C512A	Sand for glass	유리용 모래
9101ACDA46626E7A97DE8A8FC2359F6D	Saphirite Ore	사피라이트 광석
96B402664C9744303A46D8A632F4F27F	Satmonium Ore	사트모늄 광석
051E2E1E4081982DDDFB528E0F970CD3	Save	절약해요
0BCAA74E4C5DA76F18B42D9988520975	Section not in use	섹션 미사용
7930949149E0BC90D1E5B8BC2D1C5085	Server Rack	서버 랙
B29D67694D5486404780F7B6BADAE141	Set Value	값 설정
223D9EF642FD5ECDE0D510A3C4A3D60A	Set Value	값 설정
9A0C362A499A5E74E5F8CE80E26E5AC2	Show Empty	비어 있음 표시
D8B93BE040F106F94CAFCD9B17525060	Silver Ingot	은괴
B4D4F45E46ADB4BD816B7DB1E27CD426	Silver Plates	실버 플레이트
45DC878C46D85091E19B67B01CF32320	Simple Conveyor Belt	간이 컨베이어 벨트
046B57D7491B77A7CF0F92B489AE11AA	Simple Photovoltaic Cell	간단한 태양광 전지
A7C2BA96442F270140FB02979C384DD2	Simple salts. 	단순한 소금. 
E96663BA47726DCB8F587A914237BC1D	Slag for processing to Cement	시멘트 처리를 위한 광재
CD73AFCF44AB78352D3B059AC26F9574	Slug DNA - Blue	슬러그 DNA - 파란색
5D9BCEA843A2CF29DA832EAC68FBFC8E	Slug DNA - Purple	슬러그 DNA - 보라색
A369CF4B4F28FC92A741A49833F591EF	Slug DNA - Yellow	슬러그 DNA - 노란색
EC51AEB24DC1BE927535E2827F074FD6	Slug Food	슬러그 푸드
343BE5624C5B5BC0198A188BABAD3CBD	Slugs Tier 1	슬러그 티어 1
E526D6DC446C761F2C2947AFD5FE4345	Slugs Tier 2	슬러그 티어 2
5EC3C2E8423A75D754CDB4AEE098F0CB	Slugs Tier 3	슬러그 티어 3
4C5767044BAD10CBEAA58B87370E59F0	Slugs Tier 4	슬러그 티어 4
09F24D684B16EBA27348ED95D1585519	Slugs Tier 5	슬러그 티어 5
C2BA0D264CAB1B85E7C85FA14D66CFB0	Slugs Tier 6	슬러그 티어 6
3F1461894AD632A8C790D6A02518F734	Slugs Tier 7	슬러그 티어 7
97C6BF3E449DE3989F6566B543ED4289	Smelter	제련소
B2E1E45E47233E9045F728B417A261F3	Solder Rod	땜납 봉
08740FD341681AA5AFFA76973072B830	Solder Wire	땜납 전선
65B3987C4F76EE27A6256185DAFBE4DD	Sphere	구
5D43CE6240D27817536FD4AA5572B27A	Stabilization Frame	안정화 프레임
C5CDB6574932D1C58EE69D9E6D85382C	Stabilized Quantum Crystal	안정화된 양자 결정
B0E333254B40BB252D88628B9DD58A82	Steam	스팀
63B1D544452AFC46CCBD259B9DF8C2D6	Steam uses very versatile	증기는 매우 다양한 용도로 사용됩니다
C5817BAA488DBA439FC7328B6FDCB719	Steam, packaged for alternative transport.	대체 운송을 위해 포장된 증기.
67B3F2E942A109AACB500993FE18F45A	Steel Rod	강철 봉
B038C446400736C1C866D39C4034AFB7	Steel Screw	강철 나사
0E42C4754819E75486D02BB201133F60	Stiratite Ore	스티라타이트 광석
4AE4B9494544233EF7E799B6B316F174	Storage Network	창고 네트워크
AB48E6494AC2821190E5EAB79225BD69	Sulfur Powder	유황 가루
D8AAF9B245EC343CD6753AAE175E51F7	Sulfurous Gas  	아황산 가스  
575669E44A1A1B912B3F429D84C80BA6	Sweet Snail Food	달콤한 슬러그 음식
AED6F62F4B5E635B6CA4B092A4A6050D	Teleport!	텔레포트!
6AD7A4AF4C83E40473AB909398FA1C2A	Temp:	온도:
98D042DF4A4BB532F3E537AB5C0E4F85	Temperature	온도
853F99794C4D057DEA2550B81BC463BA	Temperature	온도
ED948E3E49EEFAAF7FB2A8876FD25FA4	Temperature\n{value}°C	온도\n{value}°c
E24981DD45BD156A1AC1E199DB12F887	Temperature:	온도:
4659BEF5462D50ABE2E3E588B34E9927	Temperature: {TEMP}°C	온도: {temp}°c
475720664230D7D47FFD27AF46B1F6D8	Thats Slime contains a high value of minerals that we can maybe extract!	슬라임은 우리가 추출할 수 있는 높은 가치의 미네랄을 함유하고 있습니다!
803AC99B4AE53A44A7EFABAB5AD2446F	The humidity doesn't seem right! 	습도가 안 좋은 것 같아요! 
4AAC32B64A12482098CAAFB44C7A863E	The humidity doesn't seem right! 	습도가 안 좋은 것 같아요! 
08215C214DF17DA149FC2B8C1F87F954	The snails don't like each other! 	슬러그들은 서로를 좋아하지 않습니다! 
5BBD78044A5F563A22A09E9C78D35EBB	This Cable is perfect to transfer a insane amount of data!	이 케이블은 엄청난 양의 데이터를 전송하기에 완벽합니다!
DF2F97D44713E444C2D097A3E8EF668B	This Crystal is perfect for storage and teleport systems!	이 크리스탈은 저장 및 텔레포트 시스템에 완벽합니다!
39ECEE3C40B8627254162BA90F1FF96E	This Teleporter can teleport peoples to a other location in the network.\n\nThe teleport costs are based onf the distance between the teleporterts (not the cable distance)\n\nThe items will automatic removed from tehe storage network.	this teleporter can teleport peoples to a other location in the network.\n\nthe teleport costs are based onf the distance between the teleporterts (not the cable distance)\n\nthe items will automatic removed from tehe 창고 네트워크.
C34159AB4B990EB8968454B4A0B9ADB3	This coolant has been specially developed for the storage system. 	이 냉각수는 스토리지 시스템을 위해 특별히 개발되었습니다. 
A96E8CA64286B89AA990BE885AE260D6	This frame can stabilize a Quantum Crystal.	이 프레임은 양자 결정을 안정시킬 수 있습니다.
31008A6C49C719975C0621A1C850EED6	This processor can process gigantic amounts of data. This is mainly used for digitizing various objects.. as well as in storage systems.	이 프로세서는 엄청난 양의 데이터를 처리할 수 있습니다. 이것은 주로 다양한 객체를 디지털화하는 데 사용됩니다.. 스토리지 시스템에서도 마찬가지입니다.
2D83D4FA4BB6868B50D8EAA5B96AE495	This server can be built into a server rack and increases the storage capacity of the network.\n\nTo Increase the bytes in the network place Hard Drive in the server.	this server can be built into a 서버 랙 and increases the storage capacity of the network.\n\nto increase the bytes in the network place hard drive in the server.
D1D9AF4F45E72FC411A5D79FA4F11C11	This should be able to be used effectively to produce electricity!? let's try	이것은 전기를 생산하는 데 효과적으로 사용될 수 있어야 합니다!? 한번 해보죠
47A2C4184135CCA963D1BDA921D1B2C1	This slime is just right to press a stable crystal out of it	이 슬라임은 그것에서 안정된 결정을 밀어내기에 딱 좋습니다
E6E9C92B4FD83BA506310C8E1FEB4247	Time	시간을
5402BF0B4EB28D83F046748649140BB4	Tin Ingot	주석 주괴
D729AA4E4CD02D04F49CD492F300EEA7	Tin Plates	주석 판
5A4C60A44EA61536222B63A92EB2939C	Tin Rod	주석 봉
019C1B1A437886337B24AA8648F55B23	Tin Sheet	주석 박판
CFF45B3F4D85FF25871075BC40A49644	Tin Wire	주석 전선
3BAB4325458B6DA8B341D7988B71785D	Titan Ingot	티타늄 주괴
41FCF5704FBB738FE8E6F49E29D62533	Titanium Modular Frame	티타늄 모듈식 프레임
4873147649C59A989A5079B0F34FBBBC	Titanium Pipes	티타늄 파이프
9BFC902A495D975B8653A9881AF17C9F	Titanium Plates	티타늄 판
162B871246DF6928BB076CADCDF6D254	Titanium Solution	티타늄 용액
9E48B0D94EAB3DCE3E8035907A58C4CB	Titantetrachlorid	사염화 티탄
9683703E49E61C0902DEBCAD3101453A	Titantetrachlorid, packaged for alternative transport.	대체 수송을 위해 포장된 사염화 티탄.
E97D28784C2380890F213B810B661A42	Toxic Air	독성 공기
0DD933DC442CE46ABC6B0BBB56E9B4B3	Turquise Slug	터퀴즈 슬러그
0C4B2CF64A197025DBA0C5BA9DDA7D36	Turquise Slug Egg	터퀴즈 슬러그 알
F7835CC745F083E57DDE77870FF244F9	Unknown Egg ID#1101	알 수 없는 알 ID#1101
3239ED214E83F575F6B3A0B4C0E3E19D	Unknown Egg ID#1995	알 수 없는 알 ID#1995
D14F7B504A8C71B8817AF7A0310AB397	Unknown Egg ID#2313	알 수 없는 알 ID#2313
30CF17484D774004F05F2083DAAD991C	Unknown Egg ID#2715	알 수 없는 알 ID#2715
7DA327EA47ED4B30B631B1BB4FCE995F	Unknown Egg ID#3606	알 수 없는 알 ID#3606
6FBDD62340AE7C2DAB0279BE79A7B86C	Unknown Egg ID#3866	알 수 없는 알 ID#3866
9B2367CB4A36003760A4F3AC67747602	Unknown Egg ID#4350	알 수 없는 알 ID#4350
1B52317D4DE02A91183D43A0FBDE561B	Unknown Egg ID#5224	알 수 없는 알 ID#5224
FC5FC98D4A5FB6C46864B59C3015575C	Unknown Egg ID#5474	알 수 없는 알 ID#5474
1AD13AC4415F8CF353DDE9B7316B6D9D	Unknown Egg ID#5608	알 수 없는 알 ID#5608
082C85E5441C2DA04544F9949700674C	Unknown Egg ID#6219	알 수 없는 알 ID#6219
DAC4EC3F4E20E844F08D3AA2F7459C7F	Unknown Egg ID#7291	알 수 없는 알 ID#7291
29DE3954477321BBE7F44B85F5AABC7F	Unknown Egg ID#7311	알 수 없는 알 ID#7311
FABE5B0C4AA47AEE6FED36A47AB9516A	Unknown Egg ID#8256	알 수 없는 알 ID#8256
3F10BF634043EB4CCD86EEB0903517EC	Unknown Egg ID#8932	알 수 없는 알 ID#8932
E7A698A64AA5902B2F1B0A90F300ACCC	Unknown Egg ID#9022	알 수 없는 알 ID#9022
BDF9CAA64AE7CBA6D189169A6E3F784C	Unknown Slug ID#1101	알 수 없는 슬러그 ID#1101
81BCA88048F6C624E77FDC9E2FAEC5CB	Unknown Slug ID#1995	알 수 없는 슬러그 ID#1995
F472D8F043533543253961974CBA52B5	Unknown Slug ID#2313	알 수 없는 슬러그 ID#2313
29ECB42F4AC7F2DFD9EC4DB9093218E8	Unknown Slug ID#2715	알 수 없는 슬러그 ID#2715
6A2A97E747B0B5F2A3F109BBB661D5BE	Unknown Slug ID#3606	알 수 없는 슬러그 ID#3606
DCB1D4FB47107D29CB914C8A5A01B19E	Unknown Slug ID#3866	알 수 없는 슬러그 ID#3866
D9A4C0314285CEDB095D02821C8DE82F	Unknown Slug ID#4350	알 수 없는 슬러그 ID#4350
1CA8B32D40C90778DACF7B812CFBEDE0	Unknown Slug ID#5224	알 수 없는 슬러그 ID#5224
DC4DC27F4FC015E710E577B157EE0E05	Unknown Slug ID#5474	알 수 없는 슬러그 ID#5474
2B95F14843F90F6651B3E2874C64E6A8	Unknown Slug ID#5608	알 수 없는 슬러그 ID#5608
04F718E147066842D659FEB4AD29F606	Unknown Slug ID#6219	알 수 없는 슬러그 ID#6219
3BA9164E4F15D652523B558AF6CDE762	Unknown Slug ID#7291	알 수 없는 슬러그 ID#7291
66433CCF4F56652D8A3635A0715CC3E5	Unknown Slug ID#7311	알 수 없는 슬러그 ID#7311
F37843C44520DDF74F6DC5B3468201ED	Unknown Slug ID#8256	알 수 없는 슬러그 ID#8256
FA67CEF342463043E75499A64339FD5E	Unknown Slug ID#8932	알 수 없는 슬러그 ID#8932
E1198D1A48BEDEAECE1A44A10E6F6E25	Unknown Slug ID#9022	알 수 없는 슬러그 ID#9022
86457B7E4FB4D0A886FE45B51AFE54F4	Unlocked a new recipe in the Fluid Conditioner 	유체 여과기에서 새 제작법 잠금 해제 
87F576D44C5208032003C4B74E504262	Unpack Air	공기 포장 풀기
4AE6CB184FF7A1577B24348BF317E353	Unpack Biological Water	바이오 워터 포장 풀기
274DFDBA4E529A56A95B7BA08421D48C	Unpack Carbon Dioxide	이산화탄소 포장 풀기
C74ACDCA4149C869EEEEEA87725BC81E	Unpack Caustic Soda 	가성소다 포장 풀기 
B739F390471ABDB2DE07BABCEF5CC273	Unpack Chlorine	염소 포장 풀기
EE5B6EA34FE712DA7CE294BB4A85531E	Unpack Diesel Oil	디젤 연료 포장 풀기
18D361824C37931601DAD9A78E240C57	Unpack Dirty Water	더러운 물 포장 풀기
5A39F3104DFD53A03E96B79E0454E164	Unpack Energized Slug Slime	기운이 나는 슬러그 슬라임 포장 풀기
390C3CD24610630165B453B0E490256F	Unpack High Energized Slug Slime	힘이 센 슬러그 슬라임 포장 풀기
847D08214B17A6683A97749B4999ECFC	Unpack Hot Steam	뜨거운 증기 포장 풀기
E646BBB94A05593FAD7CAB9847BFC8CE	Unpack Hydrocarbons	탄화수소 포장 풀기
C64C81114C64718309C1E38AD650168C	Unpack Hydrochloric Acid	염산 포장 풀기
731DAE684F0B580B500EB7875CABDA50	Unpack Hydrogen 	수소 포장 풀기 
FDBE9F6B4361B15D393D08A1A31A51A9	Unpack Low Energized Slug Slime	낮은 에너지의 슬러그 슬라임 포장 풀기
4ECFA26E4536D67A38DA0DBDB3691A35	Unpack Methane	메탄 포장 풀기
239F64FB4C3B124E170B57AD41BC31B6	Unpack Mineral Slug Slime	미네랄 슬러그 슬라임 포장 풀기
2E775ABC434C2ADEFFF14FB64E93CCC7	Unpack Molten Aluminum	녹은 알루미늄 포장 풀기
45D0E8B140DE0B9396EB70BC62BC85B4	Unpack Molten Brass	녹은 황동 포장 풀기
C9621C8A4D6A2CAE9F0604A2B252E264	Unpack Molten Bronze	녹은 청동 포장 풀기
F6B394E041C94C69F974458608527B3C	Unpack Molten Caterium	녹은 카테리움 포장 풀기
4B7304284F9317CF7A2A3FA73059FE77	Unpack Molten Cobalt	녹은 코발트 포장 풀기
3F814791447AE393B905CDB41CD4930E	Unpack Molten Copper	녹은 구리 포장 풀기
EC1B3184449E253D27EC88AA765437EB	Unpack Molten Invar	녹은 인바 포장 풀기
87987DC346E468E2546170A42163D6C9	Unpack Molten Iron	녹은 철 포장 풀기
E82243104A8352BE5AA62BAB4864C93A	Unpack Molten Lead	녹은 납 포장 풀기
76ACA3F64E6EDCE9B6A8EAB18CB19C93	Unpack Molten Magnesium	녹은 마그네슘 포장 풀기
F0D2DDCE4BF0591C0EE2599BD9F25DFF	Unpack Molten Nickel 	녹은 니켈 포장 풀기 
27CE404C4A63A22999B57B9B80125A02	Unpack Molten Slag	녹은 광재 포장 풀기
3DC6251343133CC4933DEDA965013C23	Unpack Molten Solder	녹은 땜납 포장 풀기
2BC6F1F343B1BDCF2B8F5BA5E944A42A	Unpack Molten Steel	녹은 강철 포장 풀기
583F9DE4457942A38A6D02B041C46DFB	Unpack Molten Tin	녹은 주석 포장 풀기
FEF9E0E646A213C81F9AF3914C6E1636	Unpack Molten Zinc	녹은 아연 포장 풀기
0ABC87B945ED263E21AD34BFE1B0DCA8	Unpack Natural Gas	천연 가스 포장 풀기
679C17BF4146DADEBCF5829F8B87561B	Unpack Oxygen	산소 포장 풀기
6BE3BD3443F48B5F03C56092F1E50DA4	Unpack Oxyhydrogen	산화수소 포장 풀기
471DD2674FF6A197423382ACF2677F7F	Unpack Paint	페인트 포장 풀기
C0E434C148D919AC677E068E894B886F	Unpack Purified Crude Oil 	정제된 원유 포장 풀기 
636CD3F34C6ECFCDEE3B6BB62E57FC35	Unpack Purified Crude Oil 	정제된 원유 포장 풀기 
946164AD4037997FF6B0C3824FEAB9E7	Unpack Raw Sludge	미처리 슬러지 포장 풀기
BC720A5C4BD9E2CB5131CFBDE4C5B034	Unpack Refined Hydrocarbons	정제된 탄화수소 포장 풀기
18329A7B4BFA69AE8BD1228B9596B1B0	Unpack Steam	스팀 포장 풀기
9B223C4045149176DEB28590D262208D	Unpack Sulfurous Gas  	유황 가스 포장 풀기  
424177E8409099AA9FFD11A74AE59EDA	Unpack Titanium Solution	티타늄 용액 포장 풀기
D78AA0944221781725B960B3DE1BC4F9	Unpack Titantetrachlorid	사염화 티탄 포장 풀기
0796D1F24FC0FB4F657F4E8E75BCA887	Unpack Toxic Air	유독성 공기 포장 풀기
9CE28F0C42677FED9BEF069EBFA7B878	Unpackaging - Acid	포장 풀기 - 유독 가스
F4055CEB4AC987703FE9CAAEC2E142B7	Unpackaging - Barrel	포장 풀기 - 배럴
6F42C5F5401D38C70F7DC68E396F13AE	Unpackaging - Bottle	포장 풀기 - 병
23E3FF074F04038AE898C3A5049E4756	Unpackaging - Canister	포장 풀기 - 통
8488D63A4A142729FEC5D0859805F64E	Unpackaging - Cold / Energetic	포장 풀기 - 냉매/에너지
58C201C8415F30ED99BCA786CA9216F4	Unpackaging - Gas	포장 풀기 - 가스
7B7064FA4B51002D6B28E1BE0D5A9284	Unpackaging - Hot	포장 풀기 - 열체
6714B8F0497AE16A4132818FA9A645FB	Unstable Quantum Crystals	불안정한 양자 크리스탈
BD90E420482FB3063E84F38FCC1C5D81	Upgrade	업그레이드
8332D6004FA2BEB81D13E8BBB484AC9F	Uranium Fuel	우라늄 연료
229820804CB1FC95D51776BC6EFAC967	Used for Alumium process and other processes	알루미늄 공정 및 기타 공정에 사용
C67C4B5E41172509B51D30BB0E613C59	Used for crafting.\nCrafted into parts and buildings.	제작에 사용됩니다.\n부품 및 건물 제작에 사용됩니다.
C03F157C4B587D702CC41AB73990717F	Used for crafting.\nMulti-purpose building block.	제작에 사용됩니다.\n다목적 건설용 블록입니다.
CF75F7E647849B0A05A9EB99D0E980D8	Used for crafting.\nMulti-purpose building block.	제작에 사용됩니다.\n다목적 건설용 블록입니다.
9D3CC175496F5CFEA766C585C0C056AB	Used for crafting.\nOne of the most basic parts.	제작에 사용됩니다.\none of the most basic parts.
7F4817B8410856E8345CD2A6408F4395	Used for desulfurization and as reducing agent 	탈황 및 환원제로 사용됩니다.
127EFEE44653F3BF2E8EE685DA3F96BD	Used in solar panel construction.	태양 전지판 제작에 사용됩니다.
1C28D134490E0187E821498329F12C1F	Used to connect Network poles, Network core and Network buildings.\nThis Cable transfer power and informations.	used to connect network poles, 네트워크 코어 and 네트워크 빌딩.\nthis cable transfer power and informations.
7175B1FF450D390EEA144C81FDFA5913	Very fine sulfur powder with coal dust, it can be very explosive! 	석탄 먼지가 있는 매우 미세한 유황 분말, 그것은 매우 폭발적일 수 있습니다! 
9CB2489F4D7A96263E0BB5A75589903D	Very hot steam and high pressure	매우 뜨거운 증기 및 고압
FAA97CF9406D4FF94E769DB73F8573FB	Violett Slug	바이올렛 슬러그
3FACE73647282BA1C6BD5AA96FD9270F	Violett Slug Egg	바이올렛 슬러그 알
D986F29B44BA23B900EE9080A2DAAB69	WIP Description	설명 작성중
F8C95574483EE9258144098D65391DE6	WIP Description	설명 작성중
33A8478445773EB6126B82B29435AAA0	Water with biological substances 	생물학적 물질이 포함된 물 
D6684C814A48E2E3E20C82A8565150B9	Water???	물???
1E7077474B6E3795B4EF2B9D13B7C8A7	White Slug	흰색 슬러그
B7C9234C44734F9B6693B19D2FBC95B6	White Slug Egg	흰색 슬러그 알
AE0EBAF44BF1826F21180985A0BA9E50	With this energetic slime we could certainly make a miner more effective.	이 활기찬 슬라임은 채굴기를 더 효율적으로 만들 수 있습니다.
0574807645A5192239825EAC3EBB0767	Yellow Slug	노란 슬러그
4BB498414D512BBF2FFB4DB84497F48F	Yellow Slug Egg	노란 슬러그 알
59DBAD0B46DA8318206F068A05BE86F6	Zinc & Tin Mixture	아연 & 주석 혼합물
5B1B3DDD4DF620624F2A6C8100061DA7	Zinc Ingot	아연 주괴
FD578C974F3A980DD22528BA4954C6DB	Zinc Plates	아연 판
12CA593D4AFA4A1D42D204AE10361A41	its Oxygen	산소
7DE46A8D4EA462A236A83BB674DBEB26	not enough food or the quality is not correct! 	음식이 충분하지 않거나 품질이 올바르지 않습니다! 
96FE78E94078A36CA8FA4A9C8EF957FF	used for create new Power Shards	새 전원 조각 생성에 사용
4E3D3AED4ABD01F0FA5A79915ECDFFF6	yellow-green, non-flammable, pungent-smelling gas... better hold your nose.	황록색, 무독성, 자극성 가스... 당신의 코를 잡는 것이 낫습니다.
2C6442E2411AB30C0EDE3C8A1CE68F95	yellow-green, non-flammable, pungent-smelling gas... better hold your nose.\n\nCan used to produce Titanium.	황록색, 무독성, 자극성 가스... 당신의 코를 잡는 것이 낫습니다.\n\n티타늄을 생산하는 데 사용할 수 있습니다.
FD3C0E0748F6C6FF009975BC583A40AB	{percent}% Used - {value} Items left	{%}% 사용 - {value}개 남음
02D01ADE4B5F73E77122328BA2A33820	{percent}% Used - {value} m³ left	{percent}% 사용 - {value}m³ 남음
PuriItems	A box full of metal that has no dirt. perfect for melting and further processing.	먼지 없이 금속만으로 가득 차있습니다. 용해 및 추가 처리에 적합합니다.
MetalMix	A metal mixture for advaned smelting. This Mixtures are used in the Foundary or in the Blast Furnace!\n\nNote: can weigh a lot. 	a metal mixture for advaned smelting. this mixtures are used in the foundary or in the blast furnace!\n\n참고: 매우 무거움 . 
CrushedOres	Crushed metal that can be mined from various ore clusters. Used to create ingots or liquid metals.\n\nIt can also be cleaned with machines to extract more metal from them.	다양한 광석 클러스터에서 채굴할 수 있는 분쇄된 금속입니다. 주괴나 녹은 금속을 만드는 데 사용됩니다.\n\n세척하면 더 많은 금속을 추출할 수 있습니다.
SlugFoodDesc	Food for Slugs. hmm yummy\n\nFood Tier: {Tier}	슬러그를 위한 음식. 맛있다\n\n음식 티어: {Tier}
BeltItemDesc	Important part for conveyor belts.	컨베이어 벨트의 핵심 부품입니다.
MoltenMetals	Molten metal waiting for further processing	추가 처리를 기다리는 녹은 금속
SlugDesc_Hidden	Note: they use the same temperature and humidity as the eggs.	참고: 알과 동일한 온도와 습도를 사용합니다.
SlugDesc_Show	Note: they use the same temperature and humidity as the eggs.\n\nComfortable with: {OtherSlugs}\nNeed Food Tier: {FoodTierNum}	참고: 알과 동일한 온도와 습도를 사용합니다.\n\n편안함을 느낌: {OtherSlugs}\n필요한 음식 티어: {Food TierNum}
PackagedItemsDesc	Packaged fluid or gas for alternative transport.	대체 운송을 위해 포장된 유체 또는 가스.
EggDescDesc	Time to Hatch: {HatchingTime} seconds\nTemperature: {MinHeat}-{MaxHeat}°C\nHumidity: {MinHumidity}-{MaxHumidity}%\nDay Time: {SlugTime}\nNeed Fluid: {IsFluidConsume}\nIncubator Tier: {IncubatorTier}\n\nNote: can't sink!	부화 시간: {HatchingTime} seconds\n온도: {MinHeat}-{MaxHeat}°C\n습도: {MinHumidity}-{MaxHumidity}%\n일광 시간: {SlugTime}\n필요한 유체: {IsFluidConsume}\n부화기 티어: {IncubatorTier}\n\n참고: 버릴 수 없습니다!
Desc_UsedAsBasic	Used for crafting.\nCrafted into parts and buildings.	제작에 사용됩니다.\n부품과 건설 재료로 사용됩니다.
KLib_BasicParts	Used for crafting.\nCrafted into the most basic parts.	제작에 사용됩니다.\n기본 부품에 사용됩니다.
Acid	Acid	황
AdvancedMoltenMetals	Advanced Molten Metals	고급 금속 용융
AdvancedSorting	Advanced Sorting	고급 분류
AdvancedStandardParts	Advanced Standard Parts	고급 기초 부품
Alloys	Alloys	합금
BuildingPats	Building Parts	건설 부품
Centrifugation	Centrifugation	원심분리
Chemical	Chemical	화학적
Cleaning	Cleaning	세척
Cooling	Cooling	냉각
CrushingOres	Crushing Ores	광석 분쇄
CrushingPowders	Crushing Powders	분말 분쇄
Cat_BSC_Cultivation	Cultivation	경작
ExpertMoltenMetals	Expert Molten Metals	전문 광석 용융
Food	Food	음식
Heating	Heating	가열
MasterSorting	Master Sorting	Master Sorting
OreProcessing	Ore Processing	광석 가공
PouringMetal	Pouring Metal	금속 붓기
SimpleMoltenMetals	Simple Molten Metals	단순 금속 용융
SimpleSorting	Simple Sorting	단순 정렬
Smelting	Smelting	제련
Washing	Washing	세척
Weaving	Weaving	천뜨기
NetworkPoles_D	A network pole for transmitting and dividing information over longer distances.\n\nCan connect up to 6 cables. and attached walls.	더 먼 거리에서 정보를 전송하고 분할하기 위한 네트워크 전신주입니다.\n\n최대 6개의 케이블을 연결할 수 있으며, 벽에 붙일 수 있습니다.
Build_AirCollector_Name	Air Collector	공기 수집기
Build_Module_Crusher_D	Attached to the Modular Miner.\n\nCrushed the ore that extract instantly.\n\nIncreases the power required by the modular miner. \n\nHalved the bonus from all Modules \nExample: you have 3 Energy Modules Mk.1 so your total bonus with that module is 37.5%	모듈식 채굴기에 부착할 수 있습니다.\n\n추출한 광석을 즉시 분쇄하며,\n\n모듈식 채굴기 작동에 필요한 전력량이 증가됩니다. \n\n모든 모듈의 보너스 절반으로 감소 \n예시: 3개의 에너지 모듈 Mk.1이 있으므로 해당 모듈의 총 보너스는 37.5%입니다
Build_SmelterModule_D	Attached to the Modular Miner.\n\nSmelt the ore that extract instantly.\n\nSmelt only the first ingot types (like iron, copper or tin)\n\nIncreases the power required by the modular miner. \n\nHas no bonus or malus.	모듈식 채굴기에 부착할 수 있습니다.\n\n추출한 광석을 즉시 제련합니다.\n\n첫 번째 광석 유형(철, 구리, 주석 등)만 제련합니다\n\n모듈식 채굴기 작동에 필요한 전력량이 증가됩니다. \n\n보너스나 마이너스가 없습니다.
Build_Module_Energy_Tier2_D	Attached to the Modular Miner.\n\nThe energy consumption fluctuates now! ({PowerMin}-{PowerMax} MW per Module) \nGive the miner more power to extract resources faster.\n\nIncreases the power required by the modular miner.\n\nBonus to production: {BonusOnProduction}%	모듈식 채굴기에 부착할 수 있습니다.\n\n에너지 소비량이 시간에 따라 변동됩니다! ({PowerMin}-{PowerMax} MW/모듈) \n채굴기에 더 많은 전력을 주어 더 빠른 속도로 채굴할 수 있도록 돕습니다.\n\nincreases the power required by the 모듈식 채굴기.\n\n생산성 보너스: {BonusOnProduction}%
Build_Module_Fluid_D	Attached to the Modular Miner.\n\nincreases the miner's effectiveness. this requires gas or liquid. \n\nIncreases the power required by the modular miner. \n\nBonus to effectivity: based on fluid / Gas	모듈식 채굴기에 부착할 수 있습니다.\n\n기체나 액체를 추가 소비하는 것으로, 광부의 효율성을 높입니다. \n\n모듈식 채굴기 작동에 필요한 전력량이 증가됩니다. \n\n효율성 보너스: 유체/가스에 따라 다름
Build_MiningHead_Mk1_D	Attached to the Modular Miner.\nDepending on the level, the amount of material that is extracted changes.\nSome ores require a certain tier.\n\nIncreases the power required by the modular miner. \n\nQuantity per run: {Quantity}	모듈식 채굴기에 부착할 수 있습니다.\n레벨에 따라 채광되는 광석의 양이 달라집니다.\n어떤 광석은 특정 티어가 필요합니다.\n\n모듈식 채굴기 작동에 필요한 전력량이 증가됩니다. \n\n실행 당 수량: {Quantity}
Build_StorageContainerMk1_N	Awesome Sink Storage Mk.1	Awesome Sink 저장소 Mk.1
Build_StorageContainerMk2_N	Awesome Sink Storage Mk.2	Awesome Sink 저장소 Mk.2
Build_BioWaterExtractor_SF+_Name	Bio Water Extractor	바이오 워터 추출기
Build_PipeHole2_D	Can be attached to walls, allowing Pipelines to pass through them.	파이프라인이 벽을 통과할 수 있도록 벽에 부착할 수 있습니다.
Build_Conv_WallHole_D	Can be used as a connection for conveyor belts. 	컨베이어 벨트의 연결부로 사용할 수 있습니다. 
Build_SoldifierAndCooler_D	Can cool down material or produce various materials from chemical compounds. Cooling metals produces water steam that has to be removed.	물질을 식히거나 화합물로부터 다양한 물질을 생성할 수 있습니다.  금속을 냉각시키면 수증기가 생성되며, 제거되어야 합니다.
FluidConditioner_D	Can purify fluids and extract resources from them.\n\nHas one output but many products.\nThe products depend on which liquid is being processed.\n\nSorting systems are recommended! 	유체를 정화하고 부산물을 추출할 수 있습니다.\n\n한 출력부에서 모든 부산물이 배출됩니다.\n가공되는 유체에 따라 출력이 다릅니다.\n\n분류 시스템 사용을 권장합니다! 
Build_CeilingStackableConvPole_N	Ceiling Stackable Conveyor Pole	천장 적층형 컨베이어 폴
Build_ChemReactor_n	Chemical Reactor	화학 반응기
Build_AirCollector_Desc	Collects air from the environment. The higher it is, the more air the Air Collector can collect.\n\nIf there are other collectors nearby, it collects less air.\n\nThere should always be a certain range between 2 buildings in order to suck up air more efficiently. This range can be viewed with R in build mode.\n\nIf Placed nearly from Gas Pillar it will collect Toxic Air.	collects air from the environment. the higher it is, the more air the 공기 수집기 can collect.\n\n근처에 다른 수집기가 있으면 효율이 감소됩니다.\n\n공기를 더 효율적으로 수집하려면 건물 사이에 일정한 거리가 있어야 합니다.  이 범위는 빌드 모드에서 R로 볼 수 있습니다.\n\n가스 기둥 근처에 두면 유독성 공기가 수집됩니다.
ModularMiner_D	Consumes different amount of power. The amount depends on the modules.\n\nThe miner needs a drill to run. and different resources depending on the module.	모듈에 따라 다른 가변적인 전력을 소비합니다.\n\n채굴기 작동에는 드릴이 필요하며, 모듈에 따라 유체 자원 역시 필요할 수 있습니다.
Build_StorageContainerMk1_D	Contains 24 slots for storing large amounts of items.\nHas one inputs and outputs for conveyor belts.\n\nThe last slot will be sinked if the Storage has Power	대량의 항목을 저장하기 위한 24개의 슬롯이 제공됩니다.\n컨베이어 벨트에 대한 입력 및 출력이 하나 있습니다.\n\n스토리지에 전원이 공급되면 마지막 슬롯이 싱크됩니다
Build_StorageContainerMk2_D	Contains 48 slots for storing large amounts of items.\nHas two inputs and outputs for conveyor belts.\n\nThe last slot will be sinked if the Storage has Power	대량의 항목을 저장하기 위한 48개의 슬롯이 제공됩니다.\n컨베이어 벨트에 대한 두 개의 입력 및 출력이 있습니다.\n\n스토리지에 전원이 공급되면 마지막 슬롯이 싱크됩니다
Build_Conv_WallHole_N	Conveyor Wall Hole	컨베이어 벽 구멍
Build_Crusher_N	Crusher	파쇄기
Build_Module_Crusher_N	Crusher Module	파쇄 모듈
Build_BioWaterExtractor_SF+_desc	Default extraction rate: 60m³ Bio Water per minute.\n\nNote This Building need Bio Water nodes.	기본 추출 속도: 60m³ 바이오 워터 / 분.\n\n바이오 워터 노드 위에 배치해야 합니다.
Build_MiningHead_Mk3_N	Diamond Mining Head	다이아몬드 채굴 드릴
NetworkPoleWallDouple	FaxIT Double Wall Pole	FaxIT 이중 벽극
Ram_In_N	FaxIT Input Processor	FaxIT 입력 프로세서
Ram_Out_N	FaxIT Output Processor	FaxIT 출력 프로세서
NetworkPole_N	FaxIT Pole	FaxIT 폴
NetworkTerminal_N	FaxIT Terminal	FaxIT 터미널
NetworkPoleWall	FaxIT Wall Pole	FaxIT 월 폴
Faxit_I_Fluid	Faxit Fluid Receiver	Faxit 유체 수신기
Faxit_O_Fluid	Faxit Fluid Sender	Faxit 유체 전송기
Faxit_I_Solid	Faxit Item Receiver	Faxit 항목 수신기
Faxit_O_Solid	Faxit Item Sender	Faxit 항목 보낸 사람
Build_FlexibleBlastFurnaceSmelter_N	Flexible Blast Furnace	유연한 용광로
Build_Module_Fluid_N	Fluid & Gas Module	유체 및 가스 모듈
FluidConditioner_N	Fluid Conditioner 	유체 여과기
Build_Hatchery_Tank_Module_Name	Fluid Tank Module	유체 탱크 모듈
Build_Module_Energy_Tier2_N	High Energy Module	고에너지 모듈
Build_FlexibleBlastFurnaceSmelter_D	High heat can cause this machine to liquefy metals to produce more metal. It is also possible to produce more complex alloys and harder metals.\n\nATTENTION: HOT!	높은 열은 이 기계가 금속을 액화시켜 더 많은 금속을 생산하게 할 수 있다. 더 복잡한 합금과 더 단단한 금속을 생산하는 것도 가능하다.\n\n경고: 매우 뜨거움!
Build_Hatchery_Humidity_Module_Name	Humidity Module	습도 모듈
Build_Hatchery_Small_Module_Name	Incubator Module	부화 모듈
Build_CeilingStackableHyperPole_N	Invert Stackable Hypertube Support	중첩 가능한 반전된 하이퍼튜브 지원 
Build_CeilingStackablePipePole_N	Invert Stackable Pipeline Support	중첩 가능한 반전된 파이프라인 지원
Build_Module_Energy_Tier1_N	Low Energy Module	저에너지 모듈
Build_Crusher_D	Many raw materials must first be crushed in order to be able to use them properly.	많은 원료들은 제대로 사용되기 전에 먼저 분쇄해야 합니다.
Build_MiningHead_Mk1_N	Metal Mining Head	금속 채굴 드릴
ModularMiner_N	Modular Miner	모듈식 채굴기
Build_OreWascher_N	Ore Washer	광석 세척기
Build_PipeHole2_N	Pipeline Wall Hole	파이프라인 벽 구멍
Build_ChemReactor_D	Refines fluid and/or solid parts into other parts.\nHead Lift: 10 meters.\n(Allows fluids to be transported 10 meters upwards.)\n\nContains both a Conveyor Belt and Pipe input and output, to allow for the automation of various recipes.	유체 및/또는 고체 부품을 다른 부품으로 정제합니다.\nhead lift: 10 meters.\n(allows fluids to be transported 10 meters upwards.)\n\n컨베이어 벨트와 파이프 입력 및 출력이 모두 포함되어 있어 다양한 제작법를 자동화할 수 있습니다.
Build_Hatchery_Name	Slug Hatchery	슬러그 부화장
Build_Terrarium_Name	Slug Terratium	슬러그 테라리움
Build_SmelterModule_N	Smelter Module	제련 모듈
Build_SoldifierAndCooler_N	Solidifier and Cooler	고체화기 및 냉각기
Build_SorterMk1_N	Sorter	분류기
Build_MiningHead_Mk2_N	Steel Mining Head	강철 채굴 드릴
Build_CS_Core_N	Storage Network Nexus	스토리지 네트워크 Nexus
Build_CS_Cable_N	Storage Network Wire	스토리지 네트워크 전선
Build_CeilingStackableHyperPole_D	Support for Hypertubes. Can be stacked on other stackable supports.\n\nWARNING: this is a experimental building and can have snap bugs in some cases!	하이퍼튜브를 지지합니다. 다른 중첩 가능한 지지대 위에 쌓을 수 있습니다.\n\n경고: 이것은 실험적인 건물이며 경우에 따라 스냅 버그가 있을 수 있습니다!
Build_CeilingStackablePipePole_D	Support for Pipelines. Can be stacked on other stackable supports.\n\nWARNING: this is a experimental building and can have snap bugs in some cases!	파이프라인을 지지합니다. 다른 중첩 가능한 지지대 위에 쌓을 수 있습니다.\n\n경고: 이것은 실험적인 건물이며 경우에 따라 스냅 버그가 있을 수 있습니다!
Build_CeilingStackableConvPole_D	Support for conveyor belts. Can be stacked on other stackable supports.\n\nWARNING: this is a experimental building and can have snap bugs in some cases!	컨베이어 벨트를 지지합니다. 다른 중첩 가능한 지지대 위에 쌓을 수 있습니다.\n\n경고: 이것은 실험적인 건물이며 경우에 따라 스냅 버그가 있을 수 있습니다!
Build_Hatchery_Temperature_Module_Name	Temperature Module	온도 모듈
Build_Hatchery_Desc	The Hatchery can hatch Slug Eggs. But unfortunately now analyze the adult slugs. We'll have to test what the eggs like! 	부화장은 슬러그 알을 부화시킬 수 있다. 하지만 불행하게도 이제 성체 슬러그를 분석합니다. 우리는 알이 무엇을 좋아하는지 시험해봐야 할 것이다! 
Build_CS_Core_D	The Storage Network Nexus is the heath of the network he manage all items and transfers.\n\nWIP Description	the 스토리지 네트워크 Nexus is the heath of the network he manage all items and transfers.\n\nWIP 설명
Build_Weavingmachine_N	The Weaver can transform simple materials into something beautiful!\n\nATTENTION: Keep your fingers out of the way, otherwise you'll turn into Swiss cheese! 	위버는 간단한 재료를 아름다운 것으로 바꿀 수 있습니다!\n\n주의: 손조심, 아차하면 스위스 치즈가 됩니다!
Build_Terrarium_Desc	The slugs can reproduce happily in the terrarium. We need the eggs!\n\nNote: The Slugs need the same settings (Except the Time) as the egg type of them. you can adjust the temperature and the humidity in the terrarium. 	슬러그들은 테라리움에서 행복하게 번식할 수 있다. 알이 필요해요!\n\n참고: 슬러그는 알 유형과 동일한 설정(시간 제외)이 필요합니다. 당신은 테라리움의 온도와 습도를 조절할 수 있습니다. 
Build_SorterMk1_D	This building can split ores into their component parts and thus extract different ores. It can also enrich ores or soil components.\n\nPure metals can be used to make metals more efficient and are essential for some processes.	이 건물은 광석을 구성 요소로 분할하여 다른 광석을 추출할 수 있다. 그것은 또한 광석이나 토양 성분을 풍부하게 할 수 있다.\n\n순수한 금속은 금속을 더 효율적으로 만들기 위해 사용될 수 있으며 일부 공정에서 필수적이다.
Description_IO_CS	This building is responsible for the transfer of resources in the network. The maximum rate depends on the Nexus each fax machine can have.	이 건물은 네트워크의 자원 전송을 담당한다. 최대 속도는 각 팩스기가 가질 수 있는 Nexus에 따라 다릅니다.
Build_Hatchery_Small_Module_Desc	This module is required to hatch eggs. Increasing more modules decreases the time required for an egg. 	이 모듈은 알을 부화시키는 데 필요합니다. 모듈을 많이 설치할수록 알에 필요한 시간이 줄어듭니다. 
Build_Hatchery_Tank_Module_Desc	This module is used to collect liquids in the hatchery. For example, food for the babies. 	이 모듈은 부화장에서 액체를 수집하는 데 사용됩니다. 예를 들어, 아기들을 위한 음식. 
Build_Hatchery_Temperature_Module_Desc	This module is used to regulate the temperature in the Hatchery. 	이 모듈은 부화장의 온도를 조절하는 데 사용됩니다. 
Build_Hatchery_Humidity_Module_Desc	This module regulates the humidity... Yes, some slugs like it dry on these planets! 	이 모듈은 습도를 조절합니다... 그래요, 어떤 슬러그들은 이 행성에서 말라죽는 것을 좋아해요! 
Build_Hatchery_Night_Module_Desc	This module simulates the time of day in the Hatchery. 	이 모듈은 부화장에서의 일과를 시뮬레이션합니다. 
Build_Hatchery_Night_Module_Name	Time Module	시간 모듈
Build_CS_Cable_D	Used to connect Network poles, Network core and Network buildings.\nThis Cable transfer power and informations.	Used to connect Network poles, Network core and Network buildings.\nThis Cable transfer power and informations.
NetworkTerminal_D	WIP CONTENT!	예정된 컨텐츠!
Ram_In_D	WIP CONTENT!	예정된 컨텐츠!
Ram_Out_D	WIP CONTENT!	예정된 컨텐츠!
Build_Weavingmachine_D	Weaver	위버
Build_OreWascher_D	With the supply of acids or water, this machine can process crushed metals into pure metals. The dirty water can in turn be used to extract new metals through a cleaning process.	산이나 물의 공급으로 이 기계는 분쇄된 금속을 순수한 금속으로 가공할 수 있다. 더러운 물은 세척 과정을 통해 새로운 금속을 추출하는 데 사용될 수 있습니다.
