BDFC32A44E226628BF212CB72F2CC730	<LightGrey12Reg>Availability on the planet: </><Orange12Reg>{Rare}</>\n<LightGrey12Reg>Can be found in every biome. In bodies of water such as lakes or oceans.</>\n<LightGrey12Reg>Note: this resource can also be extracted from the ground. (Resource Wells)</>\n\n<Orange16Reg>Extractor Informations:</>\n<LightGrey12Reg>Default extraction with Water Extractor: </><Orange12Reg>{PerMinute}</>	<lightgrey12reg>희귀도: </><orange12reg>{rare}</>\n<lightgrey12reg>모든 생물권의 호수나 바다와 같은 수역에서 발견될 수 있습니다. </>\n<lightgrey12reg>참고: 이 리소스는 지면에서도 추출할 수 있습니다. (자원정)</>\n\n<orange16reg>추출 정보:</>\n<lightgrey12reg>물 추출기를 사용한 기본 추출: </><orange12reg>{perminute}</>
EE47F45B46DAF86C6E467997AF276461	<LightGrey12Reg>Availability on the planet: </><Orange12Reg>{Rare}</>\n<LightGrey12Reg>{Where}</>	<lightgrey12reg>희귀도: </><orange12reg>{rare}</>\n<lightgrey12reg>{where}</>
B8BF302D43E21675A47C1DA05745A239	<LightGrey12Reg>Availability on the planet: </><Orange12Reg>{Rare}</>\n<LightGrey12Reg>{Where}</>\n\n<Orange16Reg>Extractor Informations:</>\n<LightGrey12Reg>Can used to produce Power</>	<lightgrey12reg>희귀도: </><orange12reg>{rare}</>\n<lightgrey12reg>{where}</>\n\n<orange16reg>추출 정보:</>\n<lightgrey12reg>전력 생산에 사용할 수 있습니다</>
024F60EF41645CDFFA51CAB06192B6C9	<LightGrey12Reg>Availability on the planet: </><Orange12Reg>{Rare}</>\n<LightGrey12Reg>{Where}</>\n\n<Orange16Reg>Extractor Informations:</>\n<LightGrey12Reg>Default extraction with Extractor: </><Orange12Reg>{PerMinute}</>	<lightgrey12reg>희귀도: </><orange12reg>{rare}</>\n<lightgrey12reg>{where}</>\n\n<orange16reg>추출 정보:</>\n<lightgrey12reg>채굴기를 이용한 기본 추출: </><orange12reg>{perminute}</>
4CD77C564B614330B64D3597CF12D586	<LightGrey12Reg>Availability on the planet: </><Orange12Reg>{Rarity}</>\n<LightGrey12Reg>{found}</>\n\n<Orange16Reg>Miner Informations:</>\n<LightGrey12Reg>Extraction with Mk.1 Drill Head and Normal purity: </><Orange12Reg>2x30/min</>\n<LightGrey12Reg>Min Miner Tier: </><Orange12Reg>{MTier}</>\n<LightGrey12Reg>Needed Modules: </><Orange12Reg>{MNeedModule}</>\n<LightGrey12Reg>Allowed Producer: </><Orange12Reg>{MProducer}</>\n<LightGrey12Reg>Allowed Fluids: </><Orange12Reg>{MFluids}</>	<lightgrey12reg>희귀도: </><orange12reg>{rarity}</>\n<lightgrey12reg>{found}</>\n\n<orange16reg>채광 정보:</>\n<lightgrey12reg>Mk.1 드릴 헤드 및 보통 순도로 추출: </><orange12reg>2x30/분</>\n<lightgrey12reg>필요 채굴기 티어: </><orange12reg>{mtier}</>\n<lightgrey12reg>필요한 모듈: </><orange12reg>{mneedmodule}</>\n<lightgrey12reg>허용된 제작소: </><orange12reg>{mproducer}</>\n<lightgrey12reg>허용되는 유체: </><orange12reg>{mfluids}</>
8F776979451B4042CB09469BAD24825E	<White10Reg>Production Multiplier: </>	<white10reg>제작 배율: </>
9DC614D1491DA31A05BF06A6EED612DE	A golden future	황금빛 미래
E5943C7D459D94F15E1756A692B3BABC	A.I Limiter	인공지능 진폭 제한 회로터
8A1E19F14B2523D8746B7BBBC9351CEB	Additional research shows promise that samples might be used to produce tools to increase the safety of the pioneer.	추가 연구는 표본이 개척자의 안전을 증가시키는 도구를 생산하는 데 사용될 수 있음을 보여줍니다.
8E049D7545B206F32B1086A9A06C6798	Advanced Alloys	고급 합금
3B0FA2DA493FFDAFEA381DB9452446A8	Advanced Electronic	고급 전자
66F3A7214C88BF91029A9DA0C823A769	Advanced Logistics	물류
8BAE4F9D41C2C752345243AE0D1639B0	Advanced Ore Processing	고급 광석 처리
2D9152B0426E914611767C9F8DDB2E54	Advanced Parts	고급 부품
D82976E3447A20C91A354593102731CC	Advanced Parts	고급 부품
181C740844859FCFD8299B882CE44086	Advanced Pipe Logistic	고급 파이프 로지스틱
5B5889F1446465BCA55F5BAD4C59E309	Advanced Power Modules	고급 전원 모듈
B0724D9C4CB43AD5B9D6FC816C573B02	Advanced Sorting	고급 분류
C5E9D57F4A2EB05306139BA5E63F1276	Advanced Sorting & Alloys	고급 분류 및 합금
C192056040DC48E4E90EBB8EED0E02FB	Alien DNA	외계인 DNA
1FFB78F04031A89D1C47FBB7E9C1E91E	Alien Organisms	외계 생명체
9B75AD65487BEF41A480858D4EE2B731	Alien Organisms	외계 생명체
7498E5604192BD59D37BB9BAD6735372	Alien Research	외계 연구
1F8731D54FC595ED4C67B89540E01F90	Alloys	합금
B6641DF34AA98FBE694FA2B553923952	Alternate: Automatic Miner	대체: 자동 채굴기
5D030BDE4FAEA9B2E57972885386197F	Alternate: Casted Copper Pipes	대체: 주조된 구리 파이프
A0A5D2004512E59F34364AA4E41B0B5A	Alternate: Casted Copper Plates	대체: 주조된 구리판
9321A13349E9DB79F0E743ADC9DA905A	Alternate: Casted Copper Wire	대체: 주조된 구리 와이어
896FEB3A4B283FE7C7B36BA7AFC89432	Alternate: Casted Iron Plates	대체: 주조된 철판
AED08DD8489B0600930A7E83D1CEC6B9	Alternate: Casted Iron Rods	대체: 주조된 철봉
86A2F55C46D0B80F8BA9DEBAB57BAF84	Alternate: Casted Iron Screw	대체: 주조된 나사
F721A1DB41BF1B6215B62687C667D484	Alternate: Casted Tin Plates	대체: 주조된 주석 판
BA48E08941424BD8C372F9A58E2266D6	Alternate: Casted Tin Rods	대체: 주조된 주석 봉
B7C5A0CF462A3ED9D5FE79BE5F7E992B	Alternate: Casted Tin Wire	대체: 주조된 주석 전선
553F2E2849E1060F879C84AE6E41C254	Alternate: Compact Biomass	대체: 콤팩트 바이오매스
F03695794024B893F66E389B46B553A0	Alternate: Conductive Copper	대체: 전도성 구리
A304C2EB4FADE2EC929A0593C9A37558	Alternate: Conductive Iron	대체: 전도성 철
9F2794AB4C021BFDDC95299F1C77EB1A	Alternate: Flat Copper Cable	대체: 플랫 구리 케이블
E98B66D641B09AF2EF104AACFC7FEF22	Alternate: Galvanized Sheet	대체: 아연도금 시트
95B7C9474ECD24D7AAFD64A2C01E036D	Alternate: Heavy Copper	대체: 헤비 카퍼
5111BC1143C9B3E712A1799964BE75B6	Alternate: Instant Copper Wire	대체: 순간 구리선
DA96134F47B100991FDFB3AB3B8D8B68	Alternate: Instant Iron Wire	대체: 즉석 철 전선
D64112304489BE221AD810BD490C1D3E	Alternate: Instant Tin Wire	대체: 즉석 주석 전선
0786DB7D402A67161D254E9D9EF9C736	Alternate: Polyaddition	대체: 다중 덧셈
B2BFE24A4893606D60EE878D3D855518	Alternate: Pure Sorted Caterium	대체: 순수한 선별된 캐터리움
DF291D8E46D804D906B7048C16D3FA8B	Alternate: Pure Sorted Copper	대체: 순수한 선별된 구리
67F20C0A49FB01604545CD82CB53ED0F	Alternate: Pure Sorted Iron	대체: 순수한 선별된 철
7D35640D4CC0C4E1BA33CC87D6BA9339	Alternate: Pure Sorted Tin	대체: 순수한 선별된 주석
ED1CC2B94E6CBA8C09E398A8126FCE3A	Alternate: Reinforced Zinc Plates	대체: 보강된 아연 판
E4F942D944BFC48C0D96F9BD403C8CEC	Alternate: Slightly Copper Wire	대체: 약동선
AE974F4340012F24DDC93E818E7040CB	Alternate: Sloppy Brass	대체: 조잡한 황동
0C82E5E947040C99A3E7358B4AB13CCD	Alternate: Stamped Iron Screws	대체: 스탬핑 철 나사
F9EB31074EA5E2A1DA15A5807F4A695A	Alternate: Tinned Iron	대체: 주석화 철
9703FAED4DD0FF1891C62EA68C8DA7EC	Alternate: Turbo Fuel	대체: 터보 연료
F9D988CE4FF573A31071A1BA46515AF3	Alternative Fluid Transport	대체 유체 수송
DEF51D654639C8707187789E7AF49C2A	Alternative: Coal Lime Mixture	대안: 석탄 석회 혼합물
0CC75A0F4F699914B955C392BECE2D02	Alternative: Lime Steel	대안: 석회화 스틸
F86FAB5A4B5DE2BE2700D99E50B0EE7A	Aluminium Products	알루미늄 제품
4C3AF75144569B5A036C988ABF7CD0F0	Aluminum Processing 	알루미늄 가공 
312F95704884B121A62CB1B4469926FD	Apple	사과
8DDC546443EEFD0405A39797CCDAD2F1	Automatic Miner	자동 채굴기
6C9152FF4A7C1F3A841FA3B5FF6D060F	Banana	바나나
971DE6184A96C652BF88B19888B4FFC9	Base Building	기초 건물
0100278A46EB02819DB875944555E328	Basher	파쇄기
866E133F4FFD71B20FFB718489903E95	Basic Farming	기초 농업
AA3E64B94BEF9B5E2D5A69ACDEC6A584	Basic Power Modules	기본 전원 모듈
626296BB49C44FEAF810038BA99731C3	Better Biomass Energy	바이오매스 에너지 개선
ACAAEDF949027D51E1E398B25D2BF101	Better Conveyors	더 나은 컨베이어
708D6EDE49F6EC13D549608A67B09CB0	Biomass (Wood)	바이오매스 (나무)
10C57BBB41E281E170BB06A843E285B9	Bog Earth	늪지대
DB02907D49EEC361233F4A8A26F4628D	Boiler Mk1	보일러 Mk1
47CA017E47319CD4B3B41FA17B4156C8	Boiler Mk1	보일러 Mk1
A435EFC24FA82E138E4400A4F00FC721	Brass	황동
AC5C0CAA4C783B6B519DE2A31726E1F0	Breeding	사육
C306302142B1BBAD8C237B9C02B2A0FD	Build Gun Upgrade: Blueprints	빌드 건 업그레이드: 청사진
391CFA1440E5CAC680E8A2A14DDB662F	Build Gun Upgrade: Customizer	빌드 건 업그레이드: 커스터마이저
A1AD650747A0D6DECC77BBBEF1BD2353	Build the HUB	허브 구축
EF55187F45D42426D84370ACC767DF59	Bullet Guidance System	총알 유도 시스템
F1457AD8430B45121E18E28D58496A4B	Can be placed on a boiler platform to turn water into steam….but better.\n\nNote:this boiler does not run effectively at 500°C. it needs at least 750°C!	물을 증기로 전환하기 위해 보일러 플랫폼에 배치할 수 있습니다.하지만 더 낫습니다.\n\n참고: 이 보일러는 500°C에서 효과적으로 작동하지 않습니다.  적어도 750°C를 필요로 합니다!
D9154DEA45481ABE52751896064E62DE	Carrot	당근
FE10D3AE4F6522C74DD5058F0153DBF3	Casted Copper Parts	주조 구리 부품
50500EBC4831008AD46B40AE71DA794F	Casted Iron Parts	주철 부품
4C710E9F418342CABA8FA4A099EE0D58	Casted Tin Parts	주물 주석 부품
9078FB0044698E704B9FCBBDA894A019	Caterium Ingots	카테리움 주괴
D96DD4B24609441E89DFC689423AF68B	Clean Pipeline Mk.3	깨끗한 파이프라인 Mk.3
EAA59CA74911B7E810160FBE303CE59E	Cleaner Recipe: Biowater	세척 제작법: 바이오 워터
9121E9854910EC40CB5E949A27BE6F9A	Cleaner Recipe: Dirty Water	세척 제작법: 더러운 물
6BBD828B433EB3C0BAD50488FA3689FF	Cleaner Recipe: Fertilizer	세척 제작법: 비료
C29F05304CA053F57A5DF09681EF9D86	Cleaner Recipe: Raw Sludge	세척 제작법: 생 슬러지
CBB754344943B46A084B2F9C68AC76BC	Cleaner Recipe: Slag	세척 제작법: 광재
2893D4D543036D36DB13B78DC2838153	Cleaner Recipe: Slag	세척 제작법: 광재
5DBE943248165EDEFE330DA5CF20FA59	Click to Toggle	클릭하여 전환
16A403004D75DE6F0682678B7EABAC9A	Cluster Nobelisk	성단 노벨상
397FD74C45EFF3336AA23EBE2042D31C	Coal Power	석탄 발전
1139F0B7485B6F17EE0E9C9C425E21DE	Coloring!	색칠!
CD8ECCEC4DE54A001772A98197A5BBB2	Communication	의사소통
09E33AC64812E7FFA6D9E59319C7FBE6	Compact Biomass	콤팩트 바이오매스
2754C5884DC472D498CE96BA804F9185	Composter	컴포스터
718A73FD4665B92818A3E795643FD280	Composter	컴포스터
835DDBF1407C928954F38CB48901E520	Conductive Copper	전도성 구리
BA71AFEB4A9024FFBD25A1B439DECCBE	Conductive Iron	전도성 철
A0D9E91B471CF0065129AF81EF2E0468	Conductive Iron	전도성 철
F7B2D64B4AC14A3A963A28BE59F95D10	Conveyor Wall Hole	컨베이어 벽 구멍
FF2E3A81476517CC249B2EA9924E3C6D	Corn	옥수수
1986E81341EEC6E175CEEBB560376F4D	Cotton	면
3E882BED4B659F75AEA6478774297F85	Cotton Fabric	면 원단
205C31F3451F48C72F499E93C967AF95	Cread	크레이드
6DDB6F8C4B7AB26FF9E4C2B50876494C	Crude Oil Purification 	원유 정제 
C70EF48642539FBBECB4F18E96D2770E	Crushed Lime Dust	분쇄된 석회 가루
1508BF094398FB92EF1EA5B97291B794	Crushed Magnesium	분쇄된 마그네슘
B085EF864CD9DC32B0F53BAA092E8E3A	Crushed Stone Dust	분쇄된 돌가루
8092900D447B713F5A74928700C8C04B	Crushed Zinc	분쇄된 아연
7F62323B46F3904CDD7B9FAD623A24B1	Cryolit	빙정석
476723F74ED147CFF302B6BF8BD76565	Cryolite	빙정석
90C2F8AA4A8227FF62368F872BAE744D	Crystal Stabilizer	크리스탈 안정화 장치
0A60C0B3495240418E93B58C10710988	Customizer Colour Swatches	커스터마이저 색상 견본
2BE2F5BB49B2640C2692568B09F42059	Cutted Copper Wire	절단된 전선
4EB27F284D4283F3740E03B434781D44	DNA Reseaching	DNA 연구
94B6E32D4AF13915C22717B5C4939005	DNA Reseaching	DNA 연구
AE5A7C8D4A78971B6859FFB538329906	DNA Reseaching	DNA 연구
4D0958FE403B21C666890A86523D8F2A	Data has shown this 'element' to simply be an unusual mixture of primarily sulfide and sulfate minerals from which Sulfur might be extraced. The properties of Sulfur would allow for the production of more... volatile self-defense applications.	데이터는 이 '원소'가 주로 황화물과 황산염 광물로 이루어진, 유황을 추출할 수 있는 특이한 혼합물임을 보여주었습니다. 유황의 속성은 더 많은... 불안정한 자기 방어 응용 프로그램의 생산을 허용합니다.
EC5E54B74CD6F1E86896F7BE2E9CC976	Default extraction rate: 60m³ water per minute.\nHead Lift: 10 meters.\n(Allows fluids to be transported 10 meters upwards.)\n\nExtracts water from the body of water it is built on.\nNote that the water needs to be deep enough and that rivers do not commonly suffice.	기본 추출 속도: 분당 60m³ 물.\n헤드 리프트: 10미터.\n(액체를 10m 위로 운반할 수 있습니다.)\n\n물이 형성된 본체에서 물을 추출합니다.\n충분히 깊은 지역에 설치해야 하며, 일반적인 강으로는 충분하지 않습니다.
74709ED142E467823AD94D89CCC068C3	Destruction of Nature	자연 파괴
3928AF844A4D007ADD1A2492641EEE8A	Desulfurization 	탈황 
153A7EDF4E9AE4070900C7941143D107	Diamond Extraction	다이아몬드 추출
16498F3D42CA4F9E6DDE84A6EF9F7236	Dirt	흙
1DDE3D0E452C841D5977B38F09BEB02E	Dirt Crops	흙으로 만든 농작물
99FD23224F2D2F8F2244E3B23294559D	Dirt Crops	흙으로 만든 농작물
089F1B9443B5278E1AE321A1036EBBE4	Dirt Crops	흙으로 만든 농작물
509872C24B1FD099BDB7C799CA5D42DA	Dirty	더러움
4E19BE1D4E2481D28E8F32ABC63CA3C2	Doggo Love	도고 러브
3916399C47021F2707FDA191A44936A3	Don't load old save games that didn't \nhave SatisfactoryPlus mod installed	Satisfactory Plus 모드가 설치되지 않은 \n기존 저장 파일을 로드하지 말아주세요
C88F8C5B4B0099E777DA55B159E3F3E8	Elevator	엘레베이터
6CE57771400446DCEDCF808DB83E99FC	Enable push rule	푸시 규칙 사용
3927E3D24C931C8FF810F3B98A73A8BC	Enriched Apple	농축된 사과
531999A3422E62BFAFFE569A969F2836	Enriched Banana	농축된 바나나
F183579845AFA47A32905B81947EB7F6	Enriched Carrots	농축된 당근
762EB5444009224145A249BE6846D5F6	Enriched Corn	농축된 옥수수
9C166F704B141CBD9B453FA7C0CEB8B3	Enriched Cotton	농축된 면
5AC66AC1416F36F3C66981836F1E0226	Enriched Mycelia	농축된 균사
5DB3F3774585CBAED545DF91A69EDABD	Enriched Potato	농축된 감자
CF93AA654BE47FCF9E779495F363E2A7	Enriched Processed Flowers	농축 가공된 꽃
B087332F4256231F232A319897F0CF38	Enriched Processed Flowers	농축 가공된 꽃
DD3AC4DC441750C436735CB1D22CC8D0	Enriched Pumpkin	농축 호박
3E1FBC7249BDE922F17E25B2592A3AFF	Enriched Wheat	농축 밀
2536FA054140FE7EC99377906AC11012	Enriched Yosse Berry	농축 요세 베리
804C9435403173AEB8F6C0B44372EB26	Expert Conveyors	고급 물류
6866ADC143FE0A192A45709276F28D5B	Expert Farmer	전문 농업
193969674D0FAFBBB6E237AD8E438425	Expert Logistics	산업용 물류
75165C314E97269FB323CEB9965617CF	Explorer	익스플로러
F52302774E9A3C38946131A8DA483D45	Explosive	폭발
31C62F084C5CF2AC0FBE43B4789A0296	Explosive Rebar	폭발 철근
FC1C26D54395D870228FF2A95F1DC4BD	Explosive Resonance Application	폭발 공명 응용 프로그램
BF62D9CB4FA428DDE336858029DBF2AB	FICSIT Blueprints	FICSIT 청사진
CF59E60D40C3DB037EEA4583556A6C38	FICSIT Inc. Assembly project Part 1	FICSIT Inc. 프로젝트 어셈블리 1단계
B954829644822EF015D153ABEB4E8CB3	FICSIT Inc. Assembly project Part 2	FICSIT Inc. 프로젝트 어셈블리 2단계
102AB8844023A70C7FD4DD8FBDEE9105	FICSIT Inc. Assembly project Part 3	FICSIT Inc. 프로젝트 어셈블리 3단계
B8611D8F4D657B570927A2A92D8CFE43	Farming Platform Mk1	농사 플랫폼 Mk1
B8CF5626407B818BFF8EF9BEBED81702	Farming Platform Mk1	농사 플랫폼 Mk1
A37A16974FB51A660803E1A6E16D37B5	Farming Platform Mk2	농사 플랫폼 Mk2
6E1044044F5EDCA92379EC910B2CB6F8	Farming Platform Mk2	농사 플랫폼 Mk2
57746DD143F8458A7A49588D3C673133	Farming Platform can house different type of Plots.\n\nthese can be used to farm and automate crops.	Farming Platform can house different type of Plots.\n\nthese can be used to farm and automate crops.
966FB3C74F848A22D636E0839F54D018	Fertilised Apple	비옥한 사과
79E6557B431FFCE73CAFEB8926FAB6EE	Fertilized Banana	비옥한 바나나
EDFD57B7488A99E55F886D851F2CE911	Fertilized Carrots	비옥한 당근
CF63676A442A8468D19403B489448000	Fertilized Corn	비옥한 옥수수
9F088F00478FBADCC4E1629ECD764997	Fertilized Cotton	비옥한 면
2F6E8DAE418A7FB0E1FB1F930CD9AEE4	Fertilized Mycelia	비옥한 균사
FA6226224D8E5648A80962A63AF06E56	Fertilized Potato	비옥한 감자
A7B9F19042CDB21B01A10BB20FC13D2B	Fertilized Pumpkin	비옥한 호박
CC3BF0F34E5AC3472C156AA048C0D536	Fertilized Wheat	비옥한 밀
ACFACE57475DE7450F61348252618E45	Fertilized Yosse Berry	비옥한 요세 베리
156F9E384EB2579DAD0A53B295BF882A	Ficsit Farming	Ficsit 농업
B623A2B04D2ECE42288DB1A1BF0DB797	Filter	필터
AFCBBEF5463C349A4C9E288C6C5A4088	Find and Collect Stritatit Ore	스티라타이트 광석을 찾아 수집하세요
D361EFD74A83531C20646FAF8D6D42D9	Fiscit has the authority to grow biomass on this planet. 	Ficsit은 이 행성에서 바이오매스를 재배할 권한이 있습니다. 
9F7C52B7449C32D4AD291AB36D9EE6D4	Flat Copper Cable	플랫 구리 케이블
DDB7D2884DC364E5907E479C394FC8E0	Fluid & Gas Energy 	유체 및 가스 에너지 
20C8262647CD975644348892CEE014BF	Fluid Storage Mk.1	유체 저장소 Mk.1
43459B784EF7B5861AA1C4906C3C0AF9	Fluid Storage Mk.2	유체 저장소 Mk.2
E9F3F01F44848EB8E1B63DA956C8EC3A	Fluid Storage Mk.3	유체 저장소 Mk.3
DEC6FDA4429322E5591E68B979375B63	Fluid Storage Mk.4	유체 저장소 Mk.4
C79E820F442602040CAD85A595DF0EBA	Fluid Storage Mk.5	유체 저장소 Mk.5
C0C512E94765E308F97381A19321579A	Fluid Storage Mk.6	유체 저장소 Mk.6
452BD0A64892AA7446F36DA693B4577D	Fluid Storage Mk.7	유체 저장소 Mk.7
44541D53489CF2FD15791FBE68807061	Fluid Storage Mk.8	유체 저장소 Mk.8
036E7D59445B474D26E81BBC5F66647C	Food	음식
ECA018EE4CD06F0F9AF3EDB8677BE85E	Fracking	가압
E9F73F954C2F5E8746A47EAA9D3CC6D0	Further instructions on how to use the Build Menu are listed below the menu. 	빌드 메뉴 사용 방법에 대한 추가 지침이 메뉴 아래에 나열되어 있습니다. 
3C5BDF2D4AFE9015838ED4809E74A831	Further research has shown that useful equipment can be made from it. and nutritious fruits are good for health.	더 많은 연구는 유용한 장비들이 그것으로부터 만들어질 수 있다는 것을 보여주었습니다. 그리고 영양가 있는 과일들은 건강에 좋습니다.
65A69E3340A13B55B8ACD9B52F77751B	Galvanized Sheet	아연도금 시트
89283CEC45781A529DAB16B8A7B022E4	Gas Heater	가스 가열기
CF5FE4BD4C99ED8D1DC779993BFCFD10	Gas Mask	방독면
7A6BF63E4F3EE551B95DC499E9D24022	Generates 150MW of power.	150MW의 전력을 생성합니다.
BF27B71D474ACCAF22B37D93A2858203	Generates 400MW of power.	400MW의 전력을 생성합니다.
280CC8634D1047D4F1F814992C854267	Generates up to {0}MW during the day!\n\nHas a higher efficiency due to if its sun tracking solar panel, that brings the efficiency up to 69%.\n\nBigger solar panels can also produce power at night.\n\nSome Renewable power from the binary star system of Akycha!	낮에 최대 {0}MW를 생성합니다!\n\n태양 추적 태양 전지판을 사용하면 효율이 69%까지 향상되기 때문에 효율이 높습니다.\n\n더 큰 태양 전지판은 또한 밤에 전력을 생산할 수 있습니다.\n\n아키차 쌍성계의 재생 가능한 전력!
3558E2274BBCA3AA3055708830CCDC7A	Geothermal Generator	지열 발전기
B7275B7F44414C0A15EBE0A65F739EDB	Glass Walls	유리벽
809125104184A06AF1327DBA02B57EC5	Good night Slugs!	잘 자요, 민달팽이들!
F6075FB0475AF17BC0EBEA8C7485A013	HYPER!	하이퍼!
E6513192422E64C743018B9816CC6940	Hatcher Research	해처 리서치
0325372C4A4B802B94022B893190508C	Have fun!	재미있게 보내요!
24726AB54686CA9826254B95961E3FAA	Heavy Copper	무거운 구리
F83A74FB4812673DF4231A9EFC9C0735	High Voltage 	고전압 
FC71A27549778D0527F2578054DA1ACF	Hight Speed	고속
F2FF96A84E0A928B72F980912C83319D	Hog Research	호그 연구
99DA93064CF1800ACF7B3591221A8FBC	Hold {Use} to gather resources from Resource Nodes and Deposits. 	{Use}을(를) 누르고 있으면 자원 노드/광석에서 자원을 수집할 수 있습니다. 
BEC109E14F10185B93428B84A389048A	Hostile Organism Detection	적대적 유기체 탐지
2C34AF7847932CDFF9660C95C53ADD6B	Hovering	호버링
4575FAAA462EB6D341EDE7B1866CF9FE	However, unsupported mods will not work with Satisfactory Plus or can have issues. Please do not report bugs and issues with these unsupported mods to me as I am not the creator.	일부 지원되지 않는 모드는 Satisfactory Plus에서 작동하지 않거나 문제가 있을 수 있습니다. 저는 제작자가 아니므로 지원되지 않는 모드에 대한 버그 및 문제점을 보고하지 마십시오.
3CA92CF741E8CA13722B2B98D4A984B7	Hub Upgrade 1	허브 업그레이드 1
533971AD4B704DEAD248DA90A8C84B20	Hub Upgrade 2	허브 업그레이드 2
4287BE7543655085E3595AA0605C8E8D	Hub Upgrade 3	허브 업그레이드 3
3993A77540BBEC3CAE09C1BD94EC6B4E	Hub Upgrade 4	허브 업그레이드 4
F49F639743292DAB07C13F9B38B023B7	Hub Upgrade 5	허브 업그레이드 5
D300297A4EBDD512998D9E8E526D051C	Hub Upgrade 6	허브 업그레이드 6
667B389842C648ADEB5D5BA4DE720347	Hydroelectric Power	수력 발전
01EF6442477968F0B7F39AA805F72863	Improved manufacturing 	개선된 제작 
C7736A444969F528F6A26387A97DBC8B	Industrial Manufacturing	산업 제조업
645120BD4491CB9D4E2B7AB4143CA7D8	Industrial Storage & Miner Module	산업용 저장 및 채굴기 모듈
385753F643F44E67078BB99E1C2C664A	Initial planetary-scans have found an unknown, non-metallic, solid chemical element. R&D has requested field research to collect a sample and determine potential application.	초기 행성 스캔은 알려지지 않은 비금속 고체 화학 원소를 발견했습니다. R&D는 샘플을 수집하고 잠재적인 적용 가능성을 판단하기 위해 현장 연구를 요청했습니다.
1214F33B4A74EAF08865358D24954330	Initial planetary-scans indicate that an unknown crystalline like mineral is present on Massage-2(AB)b. A sample is required to determine if useful applications are possible.	초기 행성 스캔은 Massage-2(AB)b에 미네랄과 같은 알려지지 않은 결정성이 있음을 나타냅니다. 유용한 응용 프로그램이 가능한지 확인하려면 샘플이 필요합니다.
0F96C67A4DC4AD55E84032B08251A128	Initial planetary-scans indicate that an unknown crystalline mineral is present on Massage-2(AB)b. A sample is required to determine if useful applications are possible.	초기 행성 스캔은 Massage-2(AB)b에 알려지지 않은 결정성 광물이 있음을 나타냅니다. 유용한 응용 프로그램이 가능한지 확인하려면 샘플이 필요합니다.
C4037E774B6DB1A8EF3875A80BCF42CB	Instant Wires	인스턴트 와이어
2D7D9C1E415D6CADFB917EB64C478C95	Invert Stackable Hyper Support	반전된 스택 가능한 하이퍼 지원
C4760D634BAAC8746CCFEAA89EAECCDC	Invert Stackable Pipe Support	반전된 스택형 파이프 지지대
D7569C8F44E43BE28E6EBFAE04927231	It's a jar of dirt..\n\ncan be extracted into different seeds:\n- Flower\n- Apple\n- Mycelia\n- Cotton	it's a jar of 흙..\n\n다양한 씨앗을 추출할 수 있습니다:\n- 꽃\n- 사과\n- 균사\n- 면
D6E7095846E1FC9BDAFD6BA597DB86CA	It's a jar of dirt..\n\ncan be extracted into different seeds:\n- Yosse\n- Banana\n- Pumpkin	it's a jar of 흙..\n\n다양한 씨앗을 추출할 수 있습니다:\n- 요세\n- 바나나\n- 호박
8FD0E3074AEB7A30D186A09C94FBA865	It's a jar of dirt.. \n\ncan be extracted into different seeds:\n- Carrot\n- Corn\n- Potato\n- Wheat	it's a jar of 흙.. \n\n다양한 씨앗을 추출할 수 있습니다:\n- 당근\n- 옥수수\n- 감자\n- 밀
5408331A4D915047B81994B9229AB2AF	Item Storage Mk.1	아이템 보관함 Mk.1
B411E18C4F6D681AEE81B7B4F725CE3B	Item Storage Mk.2	아이템 보관함 Mk.2
F111C4F343205F65F9AFFDB7F4D91C47	Item Storage Mk.3	아이템 보관함 Mk.3
C2AB052F4628E41F0F534CAE6D644C87	Item Storage Mk.4	아이템 보관함 Mk.4
C3DDD55F40319D91224AF48DD10A2523	Item Storage Mk.5	아이템 보관함 Mk.5
A59B527C4C66D293B2ED43B3ECB4D0B8	Item Storage Mk.6	아이템 보관함 Mk.6
4DD4C8984A972F8FA1AC9EA9EB3779A3	Item Storage Mk.7	아이템 보관함 Mk.7
A8C314244CC1E9D641BB74A7817417AE	Item Storage Mk.8	아이템 보관함 Mk.8
2AD30B4F46820B9D1D248AB4E25D0860	Items	아이템
F1BCFC2142FE44123211D8B3527F7CC9	Jetpack	제트팩
AE1692264253497408F7ECB9ABA71BDD	Jump Pads	점프 패드
D91D447D4BCCEABDF3DBEDA3504F2283	Lime Dust	석회 가루
8D858AD4488DEAAA0CBF289ECFCA851A	Lime Steel	석회화 강철
FCF10C7E4D7323F4165D0398CADE11EE	Long range Communication	장거리 통신
CE89044D474119E23819D1978AE25F19	Low Slime processing	저농도 슬라임 처리
9B68D2FE4DE10D29A1EE2E918EEE2B8A	MV Generator	MV 발전기
401915D04C38F143A6640CAA95C52F56	Map	지도
CD9300D041269A028212088760033386	Medical	의료
E94855BB4E937F9DB7CFD285C763FFC7	Metal Casting	금속 주조
9C442B064BA09E2BF8D2BABC3C15E9C2	Miner Module: Crusher	채광 모듈: 파쇄
1C811B894003B48190DCF1BA5FA5B551	Mineral Slugs	미네랄 슬러그
998C02744D718555BE7128A3A130D61F	Mixed Rubyte	혼합된 루바이트
78C31B204455547771E6E6B70855B285	Mixed Saperite	혼합된 사파이어
7262120D47FCC6D03340F8BB6F0BBDE2	Mixed Satmonium	혼합된 사트모늄
D1DED66C423F53D56CEE29BE1DC1D09D	Mixed Stritarite	혼합된 스티라타이트
98CB06974DF8E4E40B73458A81878054	Modular Miner	모듈식 채굴기
EBD693DE40EA6101C88D64BD8FD11536	Molten Metals	금속 용융
087BCBBA45303EADF320449E7FFE2E16	Monorail Train Technology	모노레일 기술
8D95E07C4EE515732343DA90C3E99F92	More Network Cables	추가 네트워크 케이블
5D416825425C5DF353E21CAB3413A5AE	Muffins	머핀
A66977F34E820F46D40966B0E74810CE	Mycelia	균사
04FB1F47418136E48DF88F92E550284B	Mycelia	균사
69957F1C4891393C03F423B53B7B65B1	Natural Environment	자연 환경
92297F1446E70438275E1C924A5CD49B	Natural Environment	자연 환경
A80F3E614771E94B77FAE09010B3FCE3	Natural Fabric 	천연 섬유 
206C1B6B49673D4435C8C5ACB92DC39C	Note: Many recipes, buildings, and other features can change over time. There can be a lot of bugs and unbalanced recipes. If you find any bugs or issues, please report them our Discord.	참고: 많은 제작법, 건물 및 기타 기능은 시간이 지남에 따라 변경될 수 있습니다. 많은 버그와 불균형한 제작법이 있을 수 있습니다. 버그나 문제가 발견되면 디스코드에 보고해주세요.
E7768945477F824735681FA71FE41DBC	Note:This is an alpha version of Satisfactory Plus and is still WIP.	참고: 이 버전은 Satisfactory Plus의 알파 버전이며 여전히 개발 진행중입니다.
3E23A22C4D97DF40883648B34BA07621	Nuclear Deterrent Development	핵 억지력 개발
CAA1E2F9485DAE6FE110FDA1498A7536	Oil Destilation	원유 증유
2E117ADE4CCD88602242518D89EC54F4	Oil Gas Destilation	석유 가스 증유
B64CA75C41346051BB3090A73A79EFFD	Oil Refining	석유 정제
C14B79E04762A0892561E090FDA3C78E	Open Inagme Wiki	인게임 위키 열기
2B49A2F34217A2A83FA182A5BBAB5249	Ore Sorting	광석 분류
E4B458D0482921E7FD88AD9917EC3B26	Our scans have shown that there is a metal on this planet that comes very close to gold. 	우리가 스캔한 결과 이 행성에는 금에 매우 가까운 금속이 존재하는 것으로 나타났습니다. 
D4AF21F442DB73E2B17B98B153D6F885	Outside indicators show volume, flow rate and direction.\nTransports up to {permin}m³ of fluid per minute.\nUsed to transport fluids.	외부 표시기는 부피, 유량 및 방향을 나타냅니다.\n분당 최대 {permin}m³의 유체를 운반합니다.\n유체를 운반하는 데 사용됩니다.
6AB71E894696739207E01E830FDF1570	Overclocking	오버클럭
4EBA881943EF6A9B6A54C7911BC9E71C	Parachute	낙하산
A47874464B6244ADCAE37BB37FE12F4E	Peat Soil	이탄 토양
D7129FCA4B9A211B5D3F80BC436E487A	Pie!	파이!
6DFF94F74FD96663E1F270B4C3CC0C3E	Pipeline Engineering Mk.2	파이프라인 공학 Mk.2
3EA586E045D8B2A8DEF93B95CEBB7550	Pipeline Engineering Mk.3	파이프라인 공학 Mk.3
B7B18A04481E111B4A2F8585BFC4B946	Pipeline Mk.3	파이프라인 Mk.3
3B567429457DB8F0C9B63C85A781DB0C	Pipeline Mk.3 - No Indicator	파이프라인 Mk.3 (유량기 없음)
47ACF45546DA006B4126DDAA144131C7	Pipeline Swatch	파이프라인 견본
5BC50A8A4B9463F3EA5B5396FD8CB04E	Plot Modules	플롯 모듈
1DD74459489DF650F733E8AEFC535936	Polymerisation	고분자
B89E606145A5EFF2A87144914785C569	Potato	감자
2C6E130E41E646224CE1CB9E76BAD32F	Power Pole Mk.2	전신주 Mk.2
462B496F46987C5589CC64B95212DAA8	Power Pole Mk.3	전신주 Mk.3
1760B23F480CC65D23E6AD840B1B2E76	Power Slugs	파워 슬러그
842606E94F93CCB6F88501BA0B00C311	Power Switch	전원 스위치
286193694CD9A28E687B568960408E4B	PowerShards	동력 조각
91142C5B418425EC9F5F75BD218CEBBD	Press {ResourceScanner_ToggleVehicleRecording} to scan for Stiratite Nodes.	스티라타이트 노드를 검색하려면 {ResourceScanner_ToggleVehicleRecording}을(를) 누르십시오.
49D7AF9F49A518678ABCC096C2011F85	Processed Flowers	가공된 꽃
58184AF64099D9E74587B7B28C8EF9DC	Produced In	제작 가능: 
5097D8B24700C1990431B4B040E18575	Programmable Splitter	다중 선별 분배기
F8CFBECE48E1B7269F9BD2A693AF0321	Project Assembly: Establishing	프로젝트 어셈블리: 준비 중
E3903EF040016F06322E8BB1CE6FFE9C	Project Assembly: Framework	프로젝트 어셈블리: 프레임워크
4D230D2B48923C3BB8699CAB653C902D	Project Assembly: Launch	프로젝트 어셈블리: 추진
9AFBAEDC484A278F80E69288D7D8D6D3	Project Assembly: Platform	프로젝트 어셈블리: 플랫폼
B3C3889B4335F59B5FAEB7A94008B112	Project Assembly: Systems	프로젝트 어셈블리: 시스템
E4CCF1694168C1D9A04747AF2964A0EB	Pumpkin	호박
4DA150CF462874C937EB8FAEB096BC97	Pure Sorted Caterium	순수한 선별된 카테리움
BAC90CF944BB4AD4C32ED8891E37A334	Pure Sorted Copper	순수한 선별된 구리
FDF3A5C9400BB3DB60EFAD9A3583901B	Pure Sorted Iron	순수한 선별된 철
E5AF7BCD4A7F9DCE5FBA27979C7F5D17	Pure Sorted Tin	순수한 선별된 주석
35B0FAF9470D54E698E62985737ABA65	Quantum Crystal	양자 크리스탈
E67961024568C5A5CAD1DE8D3AF76C32	Quick Wire	고속 전선
8C08FAD440B5AA4ECB4B32A35396C7F4	R&D has picked up energy readings with unknown origins all around your designated Project Assembly area. Field research has been highly requested to determine a source and potentially obtain a sample.	R&D는 지정된 프로젝트 어셈블리 영역 전체에서 출처를 알 수 없는 에너지 수치를 포착했습니다. 출처를 파악하고 잠재적인 샘플을 얻기 위해 많은 현장 연구가 요청되었습니다.
D4DAF5464EBE8E004419F49CC1FE7F55	Reinforced Zinc Plates	보강된 아연판
E922646F41E4D4A4625AA386B3967EB8	Research	연구
A82028A048F9D17D13C373A8211A18FE	Researches	연구
500F97CC4B26089D6324279C1FDDF87A	Researches	연구
646BA78B4CFB05B4A6D6EA80DA805EE8	Resource Nodes	자원 노드
9E77A983494C84A043B873BDB344548A	Rewards	보상 프로그램
F572FD0B4A293CF7713984AE0389ACAD	Rifle	소총
B5AF70CA4985E2B579D82482D36669D7	Run!	달리기!
D2C85CDA4367BC4E0FC9D3AE90033A14	Salted Copper	염화 구리
9CD00B214DB94CB97D2D4D9D715DE8FB	Salted Tin	염화 주석
9A812B9746E8F5DC0CABEAA95E50A034	Salty Ingots	염화 주괴
A3D5C7B442DA3A64413627B4F3A2484A	Satisfactory Plus Alpha 0.7.0	Satisfactory Plus Alpha 0.7.0
5F0887794A53171A4C0CBB9E08BC1C73	Satisfactory Plus Alpha {M}.{m}.{p}	Satisfactory Plus Alpha {M}.{m}.{p}
5AF4E955414F81B12889F6821602BE6D	Satisfactory Plus Wiki	Satisfactory Plus 위키
630691F34469B5E456620EA80DD7E408	Satisfactory Plus is a complete overhaul mod that changes nearly everything in the game! There are also changes to the ways you unlock buildings, recipes, etc.	Satisfactory Plus는 게임의 거의 모든 것을 바꾸는 완전한 재구성 모드입니다! 대부분 건물의 잠금 해제방법, 제작법 등이 변경되어 있습니다.
E12B4378441C3325B1830DB5306AF26A	Satmonium	사트모늄
B145346441283FBD8EB5139D6729645F	Satmonium	사트모늄
11166A8C492FC290764E01BEF063A72D	Seed Extracting	씨앗 추출
33A1EFC34A94D24437E10A9B66174516	SeedExt	시드Ext
0B6408894480A05B38BA4F82AC1C084B	Shatter Rebar	보강 철근 파쇄
43621D5C44DC7DF0996901B385AC469B	Simple Logistics	기초 물류
A7B813DC4D3E7FE6EABE88A058FB57CB	Sizable extraterrestrial lifeforms have been observed to inhabit your designated Project Assembly area. R&D would like to note that any legally obtained samples might proof useful.	지정된 프로젝트 어셈블리 지역에 상당한 규모의 외계 생명체가 살고 있는 것으로 관찰되었습니다. R&D는 합법적으로 획득한 샘플이 유용하다는 것을 증명할 수 있다는 점에 주목하고 싶습니다.
4C7B196C49192A0E6401B88059BDFD02	Skipping the tutorial is deactivated by SatisfactoryPlus, Otherwise the game will crash	게임 충돌 방지를 위해 SatisFactory Plus가 튜토리얼 건너뛰기를 비활성화했습니다.
466EEA054C74120DE7B5D396C5CFEE34	Slag Cement	광재 시멘트
5BC4D9EA41E0EB9E3AF6FE8ED76EC27D	Sloppy Brass	조잡한 황동
20E545904B0EA5D2E4F3A5AA9274E79A	Sloppy Caterium Ingots	조잡한 캐터리움 주괴
7D152C1D41E5F6958C1C0BB074A20E1B	Sloppy Copper Ingots	조잡한 구리 주괴
2C6E7573425F8F748F52FFBC8410AA7D	Sloppy Glass	조잡한 유리
460D81DA427AC43798B446B7696D3CA4	Sloppy Iron Ingots	조잡한 철 주괴
45DBF0534BFB5215BE25CABDC27DD219	Sloppy Tin Ingots	조잡한 주석 주괴
D219ABBC464F5665A1D81E956FED2EA3	Slug Hatching	슬러그 부화
310A331046CF29E157FB11BCBF2CDF11	Slug Minerals & Pasta	슬러그 자원 & 파스타
3C9A3C6444398C8FB23153836EE12429	Smart Splitter	스마트 스플리터
1C5980554C913AD4146CB3AFFE65B012	Smelting Module	제련 모듈
6849864C4D3DB2FDB5981498A2FF12F6	Smokeless Powder	무연 파우더
CA963AFA4D8C7428C336F0B1C07CAA57	Solar Energy 	태양 에너지 
124FD9E54A3F733CBFA5D1A7B7B58AA3	Solar Power and Storage	태양열 발전 및 저장
D1F6E26542FBBF367AF11E81C79167EF	Solar and Lunar Energie	태양열과 달 에너지
7A7BAC724B45BE376F3D178813F1A54F	Solar and Lunar Energie	태양열과 달 에너지
CDFAFA9B4C95A88A13435E9F8CEB9B78	Sorted Diamond	선별된 다이아몬드
3CF6E0EA4FF67B0CE21E3AAC25997F91	Sorting	정렬
E7B4C03748EB8F87B93A04AFF118DADD	Sorting	정렬
6E13486C463596B513E0AFA1775351C9	Spitter Research	스피터 리서치
508ACFAA45F512A9F53299AA87F01F26	Stamped Iron Screws	스탬핑 나사
4E1A772D42188DAE0E6C55942E689BC7	Steel	강철
1E97AB4B4F924C84919901A009983CA8	Stinger Research	스팅어 연구
DF13F1DE44C316EE93E177B0FE175C99	Storage System	저장 시스템
606331B04FF48E691BE03383B2D18560	Strange Energy Readings	이상한 에너지 측정값
5B3B2E544081F9F7E4081BBEDFC1576F	Stun Rebar	스턴 철근
D4B553AB44EC897D6F4FE4B300C5D5E9	Sulfur	황
C2887CCE472037B4F4D154A0CE20E5B8	Sulfur Extraction	황 추출
9E7859AC4787CBAE07B349B46373DBDF	Sulfur Scanning	황 스캔
900F40274D49F637E20B4F94CFCDE2A4	Sulfur-Free Iron 	무황 철
98F50DD542F330357D258F8419E1D68A	Supercomputer	슈퍼컴퓨터
FED5A98F4A9685BA67754FAC3B084D94	Synthetic Paint Color	합성 페인트 색
C78150BD4364F0A3AECB83A53001BCCC	T1: Sorted Cryolit Salt	T1: 선별된 빙정석 소금
5AB28AD0432511DCA43773AFB3F5CB25	T1: Sorted Cryolit Silica	T1: 선별된 빙정석 실리카
ACA2245945B62DDC3E5CEFA4650A6E53	T1: Sorted Rubyte	T1: 선별된 루바이트
3429BAFF4E827952B79CE6B355C43B63	T1: Sorted Saphirite	T1: 선별된 사피라이트
D0E2AE6C47793E2B1A94AFBD928E6338	T1: Sorted Satmonium	T1: 선별된 사트모늄
8F0BBE7E45AAF7493B479C94DE3A4D45	T1: Sorted Stiratite	T1: 선별된 스티라타이트
F37D572540223D4E21DCB3B301CACA24	T2: Sorted Cryolit	T2: 선별된 빙정석
EFB4BC364E028398F1FCACA66A1DA9E0	T2: Sorted Rubyte	T2: 선별된 루바이트
263733E845F84BA9A36F958012284CFC	T2: Sorted Saphirite	T2: 선별된 사피라이트
E393B4CE424C1B41584CA38AEAD6A441	T2: Sorted Satmonium	T2: 선별된 사트모늄
E4FC26A5473337B0AB2539BE7F22A182	T2: Sorted Stiratite	T2: 선별된 스티라타이트
BE6E8D2345E112431F385A9E31F71EB2	T3: Sorted Crotinnium	T3: 선별된 크로티늄
3661E8314658AACBA4D4B3A2562A9A08	T3: Sorted Stiratite	T3: 선별된 스티라타이트
6B2A2FF04BEB388C03B0CEAA1718505C	Teleporter Technology	텔레포터 테크놀로지
B5EEC6844FD760E173BD7A89868315A9	Terminal	터미널
359C5920488BDF352455EF84B3E053D3	The HUB can be found in the Build Menu by pressing {ToggleBuildGun}. 	HUB는 건설 메뉴 ({ToggleBuildGun})에서 찾을 수 있습니다. 
83F2E8724687740A03D682ACA34A0D5F	The Nobelisk Detonator	노벨리스크 기폭장치
3DC8113B41960FCCA34C6994F5ABDDEC	The Rebar Gun	철근 총
8AA4FA1C438D009668DECFBD11994921	The earth on the planet appears to be very nutritious. 	지구상의 지구는 매우 영양가가 높은 것으로 보입니다. 
4C710F6648845534B95D8989F537059D	The location of scanned Resource Nodes will appear on the HUD compass. 	스캔한 리소스 노드의 위치가 HUD 나침반에 나타납니다. 
8B6C98B7460C12FD7897F3BDA471FBF1	The overhaul also includes other mods like Refined Power, Ficsit Farmin, etc.	재구성에는 Refined Power, Ficsit Farmmin 등과 같은 다른 모드도 포함됩니다.
7CD6EDCE41A4ED294D726D956BF768C6	The plant diversity and usability on this planet seems to be useful. R&D would like to note that any legally obtained samples might prove useful.	지구상의 식물 다양성과 유용성은 유용한 것으로 보입니다. R&D는 합법적으로 획득한 샘플이 유용할 수 있다는 점에 주목하고 싶습니다.
A7048DC244B21754D51A2089B16AC78B	They are thirsty!	그들은 목이 마릅니다!
E9D18A8B4C93DAA1CE0473B7CDDEB14E	This Build Gun software upgrade adds a new tab to the Build Menu: The Customizer. From here Pioneers have access to the Color section, as well as Material and Pattern options, purchased in the AWESOME Shop.	이 빌드 건 소프트웨어 업그레이드는 빌드 메뉴에 새 탭을 추가합니다: 커스터마이저. 여기서 개척자는 색상 섹션과 재료 및 패턴 옵션에 액세스할 수 있습니다, AWESOME Shop에서 구매할 수 있습니다.
0044FEC6446A171377F0A69B1E3A339E	This Build Gun software upgrade adds the Blueprint tab to the Build Menu. From the Blueprint tab, Pioneers are able to access and organize the Blueprints created with the Blueprint Designer.	이 Build Gun 소프트웨어 업그레이드는 청사진 탭을 건설 메뉴에 추가합니다. 청사진 탭에서 개척자는 청사진 제작기로 생성된 청사진에 액세스하고 구성할 수 있습니다.
4086C92A4BD9A2BE4286C4864385CF8A	This clean version of the Mk.2 Pipeline does not feature the external fluid indicator, sacrificing feedback for style.	이 깨끗한 버전의 Mk.2 파이프라인에는 외부 유체 표시기가 없으므로 스타일에 대한 피드백이 손실됩니다.
7F39BC5D4220204A9482688526A937A6	This mineral shows purity levels akin to synthetic Quartz manufactured on earth. Thus R&D believes it maybe be used in similar fashion to produce communication and exploration technologies.	이 광물은 지구에서 제조된 합성 석영과 유사한 순도를 보여줍니다. thus r&d believes it maybe be used in similar fashion to produce 의사소통 and exploration technologies.
3690AEA14BD0929FF5549D9E2AF78983	This mineral shows some very strange properties. These crystals cannot lose energy. Thus R&D believes it maybe be used in similar fashion to produce teleport and storage technologies.	이 광물은 매우 이상한 성질을 보여줍니다. 이 결정체들은 에너지를 잃지 않습니다. 따라서 R&D는 텔레포트와 저장 기술을 생산하는 데 유사한 방식으로 사용될 수 있다고 믿고 있습니다.
CD76B999409D91197726AEB1B44653D4	This ore appears to have properties of gold and can be used well in electronics.	이 광석은 금의 성질을 가지고 있는 것으로 보이며 전자제품에 잘 사용될 수 있습니다.
5B101CF9401F3ECB83463B91FB740D42	This species of semi-slug seems to emit a weak potential energy from its crystalline shell which R&D thinks might be extracted to improve the efficiency of your work on Project Assembly.	이 반슬러그 종은 결정질 껍질에서 약한 잠재 에너지를 방출하는 것처럼 보입니다 프로젝트 어셈블리에 대한 작업의 효율성을 향상시키기 위해 R&D가 추출할 수 있다고 생각합니다.
2FBC4EC24AE14E84B15986951A24242F	Time Crystal Scanning	시간 결정 스캔
2A82BEB643EF20B6980D55A0E7B01E85	Tinned Iron	주석화된 철
43F37B534FCE38F9F13DCBB4A65B4614	Titanum Processing	티타늄 가공
EA3A4C324626F9613E2097836C16071D	To improve efficiency, the HUB is best built near Stritatit Nodes.	효율성을 개선하기 위해 HUB는 스티라타이트 자원 노드 근처에 구축하는 것이 가장 좋습니다.
2B7231164CB55F11BA719BA2AF7D2FF7	Toxic Cellular Modification	독성 세포 변형
E1D7D49F4E829ED13BEC6A9185D103B7	Trucks	트럭
AFFE4776439EFA23E73C08B1068FF042	Trucks	트럭
3F4A043E424A858B5CB4678D01A14F7E	Turbines	터빈
EBFA10D446CA201FC6341390EC957C30	Turbo Fuel	터보 연료
E1EBD8CD41A143901CE80E8F6F5E0F40	Turbo Fuel	터보 연료
760AC5154F709E49BC914EBF36EB0246	Turbo Rifle Ammo	터보 소총 탄약
8324C29C4AB7F5C78815EDB2759A2138	Unknown Chemical Element	알 수 없는 화학 원소
23C6262240E868EC39622FA033BDA359	Unknown Crystalline Mineral	알 수 없는 크리스탈 자원
1B47484C49BCA2A5C0DD38B0BC72E199	Unknown Time Crystalline Mineral	알 수 없는  타임 크리스탈 자원
1E65629C4B831D33782ECE9676D6216E	Unlock a new network tier	새 네트워크 계층 잠금 해제
86457B7E4FB4D0A886FE45B51AFE54F4	Unlocked a new recipe in the Fluid Conditioner 	유체 조절기에서 새 제작법 잠금 해제 
1EFC37944096DC50654FBDA6C9B6E84E	Used to burn any type of gas fuel to be turned into heat and also makes a waste product of carbon dioxide that needs to be vented out or used in recipes.	모든 종류의 가스 연료를 연소하여 열로 전환하고 배출하거나 제작에 사용되는 이산화탄소 폐기물을 만듭니다.
B24C0BDB42F7C4684B57B393A4E69EC2	Used to disperse Gasses into the atmosphere.\n\nCarbon Dioxide\nAir and Toxic Air\nMethane	가스를 대기 중으로 분산시키는 데 사용됩니다.\n\n이산화탄소\n공기와 유독성 공기\n메탄
C0B25F1D4D3FFF764D1039A9695F889E	Used to disperse Steam types into the atmosphere.\n\nHot Steam\nSteam	증기를 대기 중으로 분산시키는 데 사용됩니다.\n\n뜨거운 증기\n스팀
88C1CA9349B501805B0CC6894A7DDF8F	Welcome to SF+ the unique total conversion mod! 	고유한 재구성 모드  SF+에 오신 것을 환영합니다.
F833489F4A85C5BF63E705AA09DC34DB	Welcome to Satisfactory Plus!	Satisfactory Plus에 오신 것을 환영합니다!
FACD46D34A369CD5B97993B451C3DE71	Wheat	밀
591EC21B416F5B016299A689366CE5FE	White Bronze Ingots	백동 주괴
BECB0F4242D932B5426BF49CE30A70D3	Yosse Berry	요세 베리
A670A4AA47F12A858F1C15B1A9B1DBB0	Zip Line	짚라인
389192654221C6157BD13DB0314EFE2B	[WIP] Drone Technology	[WIP] 드론 기술
